Comp_no,Date,CUR_MKT_CAP(HKD),BS_CUR_LIAB(HKD),BS_LT_BORROW(HKD),BS_TOT_LIAB2(HKD),BS_TOT_ASSET(HKD),Risk_Free_Rate,COMPANY_ID,parameter_date,sigma,delta,parameter_carried_forward,default_threshold,asset_value,DTD,calculation_status,error_message
23286,2024-01-02,19698.95,347664.86080156296,120637.75940756436,472854.9587906387,586180.7027736885,3.98,23286,2024-01-02,0.0540296533592578,0.5218718629137603,False,410359.4779214927,411342.5154255039,0.0442847062338613,success,
23286,2024-01-03,19952.15,347664.86080156296,120637.75940756436,472854.9587906387,586180.7027736885,3.97,23286,2024-01-03,0.0533239836325901,0.5218718629137603,False,410359.4779214927,411803.81578753126,0.06588985773684194,success,
23286,2024-01-04,19977.47,347664.86080156296,120637.75940756436,472854.9587906387,586180.7027736885,3.97,23286,2024-01-04,0.0533536267877733,0.5218718629137603,False,410359.4779214927,411831.21872339345,0.06710042716531116,success,
23286,2024-01-05,20104.07,347664.86080156296,120637.75940756436,472854.9587906387,586180.7027736885,4.0,23286,2024-01-05,0.05324884187037,0.5218718629137603,False,410359.4779214927,411888.442577998,0.06984173061096226,success,
23286,2024-01-08,19648.31,347664.86080156296,120637.75940756436,472854.9587906387,586180.7027736885,4.02,23286,2024-01-08,0.0532355014250079,0.5218718629137603,False,410359.4779214927,411241.99283432553,0.04035428515321355,success,
23286,2024-01-09,18306.35,347664.86080156296,120637.75940756436,472854.9587906387,586180.7027736885,4.02,23286,2024-01-09,0.0532313057563372,0.5218718629137603,False,410359.4779214927,409529.02163878473,-0.038056163569856215,success,
23286,2024-01-10,18154.43,347664.86080156296,120637.75940756436,472854.9587906387,586180.7027736885,3.98,23286,2024-01-10,0.0532459235718699,0.5218718629137603,False,410359.4779214927,409483.6957364831,-0.040124452373123475,success,
23286,2024-01-11,18964.67,347664.86080156296,120637.75940756436,472854.9587906387,586180.7027736885,3.98,23286,2024-01-11,0.0524148243868365,0.5218718629137603,False,410359.4779214927,410655.0134925294,0.013735194610633926,success,
23286,2024-01-12,18584.87,347664.86080156296,120637.75940756436,472854.9587906387,586180.7027736885,4.02,23286,2024-01-12,0.0524514748299475,0.5218718629137603,False,410359.4779214927,410010.77981009573,-0.016207349819511607,success,
23286,2024-01-15,18103.79,347664.86080156296,120637.75940756436,472854.9587906387,586180.7027736885,3.93,23286,2024-01-15,0.0523667629978742,0.5218718629137603,False,410359.4779214927,409752.67918093817,-0.028258282767842972,success,
23286,2024-01-16,17774.63,347664.86080156296,120637.75940756436,472854.9587906387,586180.7027736885,3.89,23286,2024-01-16,0.0523929238289167,0.5218718629137603,False,410359.4779214927,409475.3379857867,-0.041167280528483334,success,
23286,2024-01-17,16432.67,347664.86080156296,120637.75940756436,472854.9587906387,586180.7027736885,3.85,23286,2024-01-17,0.0525570998236622,0.5218718629137603,False,410359.4779214927,407819.3557735478,-0.11814255528527186,success,
23286,2024-01-18,16128.83,347664.86080156296,120637.75940756436,472854.9587906387,586180.7027736885,3.87,23286,2024-01-18,0.052529377473223,0.5218718629137603,False,410359.4779214927,407334.517058852,-0.14085059130359204,success,
23286,2024-01-19,15495.83,347664.86080156296,120637.75940756436,472854.9587906387,586180.7027736885,3.87,23286,2024-01-19,0.0525573674193062,0.5218718629137603,False,410359.4779214927,406457.67257077596,-0.18177763448834391,success,
23286,2024-01-22,13976.63,347664.86080156296,120637.75940756436,472854.9587906387,586180.7027736885,3.85,23286,2024-01-22,0.0528904860842565,0.5218718629137603,False,410359.4779214927,404299.7831071433,-0.2812776340993316,success,
23286,2024-01-23,14483.030000000002,347664.86080156296,120637.75940756436,472854.9587906387,586180.7027736885,3.83,23286,2024-01-23,0.0529176752001059,0.5218718629137603,False,410359.4779214927,405107.0749812847,-0.2434373031587511,success,
23286,2024-01-24,15166.67,347664.86080156296,120637.75940756436,472854.9587906387,586180.7027736885,3.75,23286,2024-01-24,0.0530672502160125,0.5218718629137603,False,410359.4779214927,406359.7435418592,-0.1845717617035033,success,
23286,2024-01-25,16204.79,347664.86080156296,120637.75940756436,472854.9587906387,586180.7027736885,3.78,23286,2024-01-25,0.0532163757085275,0.5218718629137603,False,410359.4779214927,407659.0396440358,-0.12406731968597312,success,
23286,2024-01-26,15875.629999999996,347664.86080156296,120637.75940756436,472854.9587906387,586180.7027736885,3.77,23286,2024-01-26,0.0530555723038331,0.5218718629137603,False,410359.4779214927,407274.79773944576,-0.14221719440492264,success,
23286,2024-01-29,15546.47,347664.86080156296,120637.75940756436,472854.9587906387,586180.7027736885,3.8,23286,2024-01-29,0.0531328683121065,0.5218718629137603,False,410359.4779214927,406687.5746102967,-0.16916629094922825,success,
23286,2024-01-30,14938.79,347664.86080156296,120637.75940756436,472854.9587906387,586180.7027736885,3.8,23286,2024-01-30,0.0529413905227952,0.5218718629137603,False,410359.4779214927,405869.6114384691,-0.20780710398178032,success,
23286,2024-01-31,14837.510000000002,347664.86080156296,120637.75940756436,472854.9587906387,586180.7027736885,3.71,23286,2024-01-31,0.0529413905227952,0.5218718629137603,False,410359.4779214927,406071.82387943164,-0.1983986594835192,success,
23286,2024-02-01,14913.469999999998,347664.86080156296,120637.75940756436,472854.9587906387,586180.7027736885,3.75,23286,2024-02-01,0.0520919376117334,0.520293341631089,False,410352.29195815587,406187.5206528444,-0.1958290169553355,success,
23286,2024-02-02,14989.43,347664.86080156296,120637.75940756436,472854.9587906387,586180.7027736885,3.75,23286,2024-02-02,0.0519954264509717,0.520293341631089,False,410352.29195815587,406313.39846507594,-0.19023327397655349,success,
23286,2024-02-05,14812.19,347664.86080156296,120637.75940756436,472854.9587906387,586180.7027736885,3.74,23286,2024-02-05,0.0519689182768794,0.520293341631089,False,410352.29195815587,406107.23195586837,-0.20009646019523075,success,
23286,2024-02-06,15673.07,347664.86080156296,120637.75940756436,472854.9587906387,586180.7027736885,3.75,23286,2024-02-06,0.0521191377448439,0.520293341631089,False,410352.29195815587,407241.3055067514,-0.14601433919402956,success,
23286,2024-02-07,15343.910000000002,347664.86080156296,120637.75940756436,472854.9587906387,586180.7027736885,3.78,23286,2024-02-07,0.0521487281405931,0.520293341631089,False,410352.29195815587,406664.14044241235,-0.173127950437842,success,
23286,2024-02-08,15799.67,347664.86080156296,120637.75940756436,472854.9587906387,586180.7027736885,3.82,23286,2024-02-08,0.0519980933837958,0.520293341631089,False,410352.29195815587,407167.9394079403,-0.1498191770852793,success,
23286,2024-02-09,14888.15,347664.86080156296,120637.75940756436,472854.9587906387,586180.7027736885,3.82,23286,2024-02-09,0.0521534140038705,0.520293341631089,False,410352.29195815587,405870.1965067811,-0.21058341430937577,success,
23286,2024-02-14,14710.91,347664.86080156296,120637.75940756436,472854.9587906387,586180.7027736885,3.88,23286,2024-02-14,0.0522183680821945,0.520293341631089,False,410352.29195815587,405375.49161966617,-0.23367758324447613,success,
23286,2024-02-15,14483.030000000002,347664.86080156296,120637.75940756436,472854.9587906387,586180.7027736885,3.85,23286,2024-02-15,0.0522649907640426,0.520293341631089,False,410352.29195815587,405156.37497947394,-0.2438139871911354,success,
23286,2024-02-16,15951.59,347664.86080156296,120637.75940756436,472854.9587906387,586180.7027736885,3.86,23286,2024-02-16,0.0525411005624244,0.520293341631089,False,410352.29195815587,407121.734979712,-0.15043071966394905,success,
23286,2024-02-19,15318.589999999998,347664.86080156296,120637.75940756436,472854.9587906387,586180.7027736885,3.86,23286,2024-02-19,0.0526435902037307,0.520293341631089,False,410352.29195815587,406225.7208609274,-0.19199054569575771,success,
23286,2024-02-20,15495.83,347664.86080156296,120637.75940756436,472854.9587906387,586180.7027736885,3.85,23286,2024-02-20,0.0526813171237269,0.520293341631089,False,410352.29195815587,406504.2804100957,-0.17884102186123968,success,
23286,2024-02-21,16407.35,347664.86080156296,120637.75940756436,472854.9587906387,586180.7027736885,3.87,23286,2024-02-21,0.0527470952632331,0.520293341631089,False,410352.29195815587,407667.06064235227,-0.12446611451054453,success,
23286,2024-02-22,16660.55,347664.86080156296,120637.75940756436,472854.9587906387,586180.7027736885,3.9,23286,2024-02-22,0.0526818603303741,0.520293341631089,False,410352.29195815587,407905.0866028047,-0.11354046593133557,success,
23286,2024-02-23,16533.95,347664.86080156296,120637.75940756436,472854.9587906387,586180.7027736885,3.88,23286,2024-02-23,0.0526839231356014,0.520293341631089,False,410352.29195815587,407811.15786955255,-0.11790732668329738,success,
23286,2024-02-26,16306.07,347664.86080156296,120637.75940756436,472854.9587906387,586180.7027736885,3.89,23286,2024-02-26,0.0527122120421673,0.520293341631089,False,410352.29195815587,407458.7919696919,-0.13424281761346746,success,
23286,2024-02-27,16306.07,347664.86080156296,120637.75940756436,472854.9587906387,586180.7027736885,3.87,23286,2024-02-27,0.0527525301562622,0.520293341631089,False,410352.29195815587,407528.547694131,-0.1308952100545524,success,
23286,2024-02-28,16103.510000000002,347664.86080156296,120637.75940756436,472854.9587906387,586180.7027736885,3.88,23286,2024-02-28,0.05281008373274,0.520293341631089,False,410352.29195815587,407203.1947902255,-0.14587608903232274,success,
23286,2024-02-29,15926.270000000002,347664.86080156296,120637.75940756436,472854.9587906387,586180.7027736885,3.9,23286,2024-02-29,0.0528225733723974,0.520293341631089,False,410352.29195815587,406880.71691062883,-0.16083986918119192,success,
23286,2024-03-01,16457.99,347664.86080156296,120637.75940756436,472854.9587906387,586180.7027736885,3.9,23286,2024-03-01,0.0529500449285535,0.5193586148073145,False,410348.03676517284,407579.56092985393,-0.12784719277414797,success,
23286,2024-03-04,15597.11,347664.86080156296,120637.75940756436,472854.9587906387,586180.7027736885,3.88,23286,2024-03-04,0.0530294281899346,0.5193586148073145,False,410348.03676517284,406459.3308889121,-0.1795567692643234,success,
23286,2024-03-05,14913.469999999998,347664.86080156296,120637.75940756436,472854.9587906387,586180.7027736885,3.89,23286,2024-03-05,0.0531260809045747,0.5193586148073145,False,410348.03676517284,405440.07050021575,-0.22649136822197694,success,
23286,2024-03-06,15445.19,347664.86080156296,120637.75940756436,472854.9587906387,586180.7027736885,3.85,23286,2024-03-06,0.0528155819535944,0.5193586148073145,False,410348.03676517284,406403.99557416793,-0.1828616019794159,success,
23286,2024-03-07,15293.27,347664.86080156296,120637.75940756436,472854.9587906387,586180.7027736885,3.87,23286,2024-03-07,0.0527878151406554,0.5193586148073145,False,410348.03676517284,406119.90934419225,-0.19620456983106183,success,
23286,2024-03-08,15318.589999999998,347664.86080156296,120637.75940756436,472854.9587906387,586180.7027736885,3.9,23286,2024-03-08,0.0527297059385353,0.5193586148073145,False,410348.03676517284,406051.22462323616,-0.19962844316317058,success,
23286,2024-03-11,15799.67,347664.86080156296,120637.75940756436,472854.9587906387,586180.7027736885,3.9,23286,2024-03-11,0.0528150608608778,0.5193586148073145,False,410348.03676517284,406703.6802499874,-0.16890651454021005,success,
23286,2024-03-12,17015.03,347664.86080156296,120637.75940756436,472854.9587906387,586180.7027736885,3.9,23286,2024-03-12,0.0528876757307764,0.5193586148073145,False,410348.03676517284,408340.15660499997,-0.09274609781688278,success,
23286,2024-03-13,16837.79,347664.86080156296,120637.75940756436,472854.9587906387,586180.7027736885,4.0,23286,2024-03-13,0.0525196010810025,0.5193586148073145,False,410348.03676517284,407781.8843091175,-0.11944560634828061,success,
23286,2024-03-14,17293.55,347664.86080156296,120637.75940756436,472854.9587906387,586180.7027736885,4.0,23286,2024-03-14,0.0525509999445871,0.5193586148073145,False,410348.03676517284,408382.1998647067,-0.09138112476164335,success,
23286,2024-03-15,16989.71,347664.86080156296,120637.75940756436,472854.9587906387,586180.7027736885,4.03,23286,2024-03-15,0.0525573615722103,0.5193586148073145,False,410348.03676517284,407862.4643416309,-0.11560035010910899,success,
23286,2024-03-18,16584.59,347664.86080156296,120637.75940756436,472854.9587906387,586180.7027736885,4.05,23286,2024-03-18,0.0526426046290359,0.5193586148073145,False,410348.03676517284,407227.99318108807,-0.14498639301788618,success,
23286,2024-03-19,15976.91,347664.86080156296,120637.75940756436,472854.9587906387,586180.7027736885,4.08,23286,2024-03-19,0.052753383175153,0.5193586148073145,False,410348.03676517284,406266.700148443,-0.18948223435970343,success,
23286,2024-03-20,16103.510000000002,347664.86080156296,120637.75940756436,472854.9587906387,586180.7027736885,4.14,23286,2024-03-20,0.0523984895497636,0.5193586148073145,False,410348.03676517284,406274.04408615734,-0.19042061176054959,success,
23286,2024-03-21,16559.27,347664.86080156296,120637.75940756436,472854.9587906387,586180.7027736885,4.1,23286,2024-03-21,0.0523992650038373,0.5193586148073145,False,410348.03676517284,407044.4943907727,-0.15426108506423067,success,
23286,2024-03-22,16331.39,333149.8027205986,125331.958045062,463173.8470269473,588343.4971957188,4.1,23286,2024-03-22,0.0762018274094338,0.5193586148073145,False,398252.6571643479,390513.2107527309,-0.25753741709574446,success,
23286,2024-03-25,16761.83,333149.8027205986,125331.958045062,463173.8470269473,588343.4971957188,4.1,23286,2024-03-25,0.0761119209576871,0.5193586148073145,False,398252.6571643479,391218.0522317374,-0.23414910256294752,success,
23286,2024-03-26,15495.83,333149.8027205986,125331.958045062,463173.8470269473,588343.4971957188,4.1,23286,2024-03-26,0.0763664730163068,0.5193586148073145,False,398252.6571643479,389116.87700924714,-0.30388816485948233,success,
23286,2024-03-27,15191.990000000002,333149.8027205986,125331.958045062,463173.8470269473,588343.4971957188,4.07,23286,2024-03-27,0.0759599100155833,0.5193586148073145,False,398252.6571643479,388824.0328848115,-0.3154260874324109,success,
23286,2024-03-28,15799.67,333149.8027205986,125331.958045062,463173.8470269473,588343.4971957188,4.12,23286,2024-03-28,0.0760501848778244,0.5193586148073145,False,398252.6571643479,389618.902842551,-0.28819826964683837,success,
23286,2024-04-02,15597.11,333149.8027205986,125331.958045062,463173.8470269473,588343.4971957188,4.11,23286,2024-04-02,0.0761092212535105,0.5181268215790376,False,398246.8774842648,389304.87271864514,-0.2983782600754694,success,
23286,2024-04-03,15470.51,333149.8027205986,125331.958045062,463173.8470269473,588343.4971957188,4.13,23286,2024-04-03,0.0753054772905303,0.5181268215790376,False,398246.8774842648,389221.29067203234,-0.30441418735011055,success,
23286,2024-04-05,14255.15,333149.8027205986,125331.958045062,463173.8470269473,588343.4971957188,4.1,23286,2024-04-05,0.0748876402387592,0.5181268215790376,False,398246.8774842648,387403.95625513105,-0.3686074875992134,success,
23286,2024-04-08,14508.35,333149.8027205986,125331.958045062,463173.8470269473,588343.4971957188,4.07,23286,2024-04-08,0.0749843985377477,0.5181268215790376,False,398246.8774842648,387918.5260464613,-0.35042989638894584,success,
23286,2024-04-09,14660.27,333149.8027205986,125331.958045062,463173.8470269473,588343.4971957188,4.07,23286,2024-04-09,0.0749843985377477,0.5181268215790376,False,398246.8774842648,388174.88640941074,-0.34161948921512336,success,
23286,2024-04-10,14786.87,333149.8027205986,125331.958045062,463173.8470269473,588343.4971957188,4.08,23286,2024-04-10,0.0750466405926523,0.5181268215790376,False,398246.8774842648,388335.36822998023,-0.33582836717671494,success,
23286,2024-04-11,14533.67,333149.8027205986,125331.958045062,463173.8470269473,588343.4971957188,4.1,23286,2024-04-11,0.0750653707995897,0.5181268215790376,False,398246.8774842648,387831.7282864001,-0.35303299399100757,success,
23286,2024-04-12,13748.749999999998,333149.8027205986,125331.958045062,463173.8470269473,588343.4971957188,4.1,23286,2024-04-12,0.0751981619870293,0.5181268215790376,False,398246.8774842648,386448.3566663326,-0.3999282191565601,success,
23286,2024-04-15,13343.63,333149.8027205986,125331.958045062,463173.8470269473,588343.4971957188,4.09,23286,2024-04-15,0.0752648193250287,0.5181268215790376,False,398246.8774842648,385752.9837012989,-0.42350307134578874,success,
23286,2024-04-16,13065.11,333149.8027205986,125331.958045062,463173.8470269473,588343.4971957188,4.1,23286,2024-04-16,0.0748787535160351,0.5181268215790376,False,398246.8774842648,385324.2744587484,-0.44053694166610424,success,
23286,2024-04-17,13141.069999999998,333149.8027205986,125331.958045062,463173.8470269473,588343.4971957188,4.07,23286,2024-04-17,0.0749636222123855,0.5181268215790376,False,398246.8774842648,385545.8250355518,-0.43237038959250224,success,
23286,2024-04-18,13090.430000000002,333149.8027205986,125331.958045062,463173.8470269473,588343.4971957188,4.07,23286,2024-04-18,0.0750415798786377,0.5181268215790376,False,398246.8774842648,385433.82793708233,-0.4357928299707472,success,
23286,2024-04-19,12735.95,333149.8027205986,125331.958045062,463173.8470269473,588343.4971957188,4.02,23286,2024-04-19,0.0750467770021666,0.5181268215790376,False,398246.8774842648,384972.0895499065,-0.4517352048598054,success,
23286,2024-04-22,12989.15,333149.8027205986,125331.958045062,463173.8470269473,588343.4971957188,4.02,23286,2024-04-22,0.0752189899272972,0.5181268215790376,False,398246.8774842648,385383.8898979702,-0.4364875689490325,success,
23286,2024-04-23,13090.430000000002,333149.8027205986,125331.958045062,463173.8470269473,588343.4971957188,4.0,23286,2024-04-23,0.0752537565232544,0.5181268215790376,False,398246.8774842648,385629.2193326813,-0.427829433529071,success,
23286,2024-04-24,13141.069999999998,333149.8027205986,125331.958045062,463173.8470269473,588343.4971957188,3.95,23286,2024-04-24,0.0752386789157772,0.5181268215790376,False,398246.8774842648,385905.40378274646,-0.41839964644111144,success,
23286,2024-04-25,13520.87,333149.8027205986,125331.958045062,463173.8470269473,588343.4971957188,4.0,23286,2024-04-25,0.0752386789157772,0.5181268215790376,False,398246.8774842648,386399.9846462862,-0.4013766057511417,success,
23286,2024-04-26,15191.990000000002,333149.8027205986,125331.958045062,463173.8470269473,588343.4971957188,4.05,23286,2024-04-26,0.0756858437320842,0.5181268215790376,False,398246.8774842648,388959.7238260255,-0.31176646078324616,success,
23286,2024-04-29,16837.79,333149.8027205986,125331.958045062,463173.8470269473,588343.4971957188,4.1,23286,2024-04-29,0.0759287188252435,0.5181268215790376,False,398246.8774842648,391374.7559624859,-0.22924859432991884,success,
23286,2024-04-30,17496.11,333149.8027205986,125331.958045062,463173.8470269473,588343.4971957188,4.02,23286,2024-04-30,0.0760668465862164,0.5181268215790376,False,398246.8774842648,392660.3875030912,-0.1857185418437465,success,
23286,2024-05-02,18686.15,333149.8027205986,125331.958045062,463173.8470269473,588343.4971957188,4.12,23286,2024-05-02,0.0761110256708156,0.5163203191228861,False,398238.40121890925,394081.4406433527,-0.13786746168796118,success,
23286,2024-05-03,18989.99,333149.8027205986,125331.958045062,463173.8470269473,588343.4971957188,4.18,23286,2024-05-03,0.0761307311400682,0.5163203191228861,False,398238.40121890925,394308.7856612658,-0.13025622561892616,success,
23286,2024-05-06,18610.19,333149.8027205986,125331.958045062,463173.8470269473,588343.4971957188,4.1,23286,2024-05-06,0.0761020443428415,0.5163203191228861,False,398238.40121890925,394043.20509607525,-0.13915872031297719,success,
23286,2024-05-07,19141.91,333149.8027205986,125331.958045062,463173.8470269473,588343.4971957188,4.07,23286,2024-05-07,0.0761903440265679,0.5163203191228861,False,398238.40121890925,394923.7762397485,-0.1096995868202101,success,
23286,2024-05-08,17850.59,333149.8027205986,125331.958045062,463173.8470269473,588343.4971957188,4.07,23286,2024-05-08,0.0764424049050553,0.5163203191228861,False,398238.40121890925,392930.46597864694,-0.17553292767054698,success,
23286,2024-05-09,18407.63,333149.8027205986,125331.958045062,463173.8470269473,588343.4971957188,4.11,23286,2024-05-09,0.0764623678641728,0.5163203191228861,False,398238.40121890925,393625.30592558614,-0.15238041533571361,success,
23286,2024-05-10,19547.03,333149.8027205986,125331.958045062,463173.8470269473,588343.4971957188,4.09,23286,2024-05-10,0.0766069541269585,0.5163203191228861,False,398238.40121890925,395359.0916384616,-0.09472220106786534,success,
23286,2024-05-13,19952.15,333149.8027205986,125331.958045062,463173.8470269473,588343.4971957188,4.13,23286,2024-05-13,0.0766410019901786,0.5163203191228861,False,398238.40121890925,395795.16363176395,-0.0802965770670068,success,
23286,2024-05-14,19698.95,333149.8027205986,125331.958045062,463173.8470269473,588343.4971957188,4.17,23286,2024-05-14,0.0766859458119735,0.5163203191228861,False,398238.40121890925,395271.42003471404,-0.09751663955664804,success,
23286,2024-05-16,21420.71,333149.8027205986,125331.958045062,463173.8470269473,588343.4971957188,4.19,23286,2024-05-16,0.0768144810268278,0.5163203191228861,False,398238.40121890925,397632.53171052126,-0.019820902790872733,success,
23286,2024-05-17,23294.39,333149.8027205986,125331.958045062,463173.8470269473,588343.4971957188,4.21,23286,2024-05-17,0.0772176679672143,0.5163203191228861,False,398238.40121890925,400062.96937984234,0.059198034516870605,success,
23286,2024-05-20,22737.35,333149.8027205986,125331.958045062,463173.8470269473,588343.4971957188,4.23,23286,2024-05-20,0.0772693043493567,0.5163203191228861,False,398238.40121890925,399223.09179942886,0.031960478742548086,success,
23286,2024-05-21,22408.19,333149.8027205986,125331.958045062,463173.8470269473,588343.4971957188,4.28,23286,2024-05-21,0.0772161953916424,0.5163203191228861,False,398238.40121890925,398597.50547152926,0.011672752528071366,success,
23286,2024-05-22,22180.31,333149.8027205986,125331.958045062,463173.8470269473,588343.4971957188,4.33,23286,2024-05-22,0.0771586622988404,0.5163203191228861,False,398238.40121890925,398110.22709999984,-0.004171981885871608,success,
23286,2024-05-23,21775.19,333149.8027205986,125331.958045062,463173.8470269473,588343.4971957188,4.36,23286,2024-05-23,0.0770658348881163,0.5163203191228861,False,398238.40121890925,397455.6844868419,-0.025528584557894536,success,
23286,2024-05-24,20585.15,333149.8027205986,125331.958045062,463173.8470269473,588343.4971957188,4.39,23286,2024-05-24,0.0771492801405804,0.5163203191228861,False,398238.40121890925,395651.5456926365,-0.08447175680181344,success,
23286,2024-05-27,20737.07,333149.8027205986,125331.958045062,463173.8470269473,588343.4971957188,4.32,23286,2024-05-27,0.0770707032753553,0.5163203191228861,False,398238.40121890925,396140.2179460114,-0.06854212387464123,success,
23286,2024-05-28,20357.27,333149.8027205986,125331.958045062,463173.8470269473,588343.4971957188,4.39,23286,2024-05-28,0.0770427378075463,0.5163203191228861,False,398238.40121890925,395346.09004054737,-0.09461327052927795,success,
23286,2024-05-29,20306.63,333149.8027205986,125331.958045062,463173.8470269473,588343.4971957188,4.34,23286,2024-05-29,0.077020404228981,0.5163203191228861,False,398238.40121890925,395460.8446812266,-0.09087259185133274,success,
23286,2024-05-30,19420.43,333149.8027205986,125331.958045062,463173.8470269473,588343.4971957188,4.34,23286,2024-05-30,0.0770440161242788,0.5163203191228861,False,398238.40121890925,394167.6929783582,-0.13335738537341774,success,
23286,2024-05-31,19319.15,333149.8027205986,125331.958045062,463173.8470269473,588343.4971957188,4.32,23286,2024-05-31,0.0769013441733603,0.5163203191228861,False,398238.40121890925,394121.4089321474,-0.13513180786216303,success,
23286,2024-06-03,19977.47,333149.8027205986,125331.958045062,463173.8470269473,588343.4971957188,4.3,23286,2024-06-03,0.0768991262960457,0.5187023630119,False,398249.5779743147,395166.830977039,-0.10105259742263623,success,
23286,2024-06-04,21294.11,333149.8027205986,125331.958045062,463173.8470269473,588343.4971957188,4.29,23286,2024-06-04,0.0771149421531053,0.5187023630119,False,398249.5779743147,397040.54911304865,-0.039427829537643885,success,
23286,2024-06-05,20154.71,333149.8027205986,125331.958045062,463173.8470269473,588343.4971957188,4.29,23286,2024-06-05,0.077256615501741,0.5187023630119,False,398249.5779743147,395387.9154461175,-0.09334529645732047,success,
23286,2024-06-06,19926.83,333149.8027205986,125331.958045062,463173.8470269473,588343.4971957188,4.27,23286,2024-06-06,0.0772544558618603,0.5187023630119,False,398249.5779743147,395131.2021812794,-0.10175493221040208,success,
23286,2024-06-07,20686.43,333149.8027205986,125331.958045062,463173.8470269473,588343.4971957188,4.28,23286,2024-06-07,0.0769080075251978,0.5187023630119,False,398249.5779743147,396256.8794420484,-0.06522341225419662,success,
23286,2024-06-11,20281.31,333149.8027205986,125331.958045062,463173.8470269473,588343.4971957188,4.25,23286,2024-06-11,0.0769146894657919,0.5187023630119,False,398249.5779743147,395785.5633829069,-0.08069110275675347,success,
23286,2024-06-12,19800.23,333149.8027205986,125331.958045062,463173.8470269473,588343.4971957188,4.31,23286,2024-06-12,0.0769146894657919,0.5187023630119,False,398249.5779743147,394869.72356458,-0.1108109830299657,success,
23286,2024-06-13,19572.35,333149.8027205986,125331.958045062,463173.8470269473,588343.4971957188,4.31,23286,2024-06-13,0.0768875587636949,0.5187023630119,False,398249.5779743147,394542.7665333709,-0.12162367879197333,success,
23286,2024-06-14,19800.23,333149.8027205986,125331.958045062,463173.8470269473,588343.4971957188,4.28,23286,2024-06-14,0.0769136804318748,0.5187023630119,False,398249.5779743147,394979.76224421995,-0.10718977793140949,success,
23286,2024-06-17,18888.71,333149.8027205986,125331.958045062,463173.8470269473,588343.4971957188,4.26,23286,2024-06-17,0.0769861633619767,0.5187023630119,False,398249.5779743147,393695.5263689812,-0.14939118599143086,success,
23286,2024-06-18,18306.35,333149.8027205986,125331.958045062,463173.8470269473,588343.4971957188,4.26,23286,2024-06-18,0.0770436872746242,0.5187023630119,False,398249.5779743147,392808.14421418676,-0.1785685442591405,success,
23286,2024-06-19,17420.15,333149.8027205986,125331.958045062,463173.8470269473,588343.4971957188,4.25,23286,2024-06-19,0.0771517539012024,0.5187023630119,False,398249.5779743147,391460.57792478066,-0.22286043822531873,success,
23286,2024-06-20,16913.75,333149.8027205986,125331.958045062,463173.8470269473,588343.4971957188,4.27,23286,2024-06-20,0.0771528455967512,0.5187023630119,False,398249.5779743147,390593.951246407,-0.2515831582967334,success,
23286,2024-06-21,16559.27,333149.8027205986,125331.958045062,463173.8470269473,588343.4971957188,4.26,23286,2024-06-21,0.0771611506115535,0.5187023630119,False,398249.5779743147,390065.4276315294,-0.2691043447878529,success,
23286,2024-06-24,16407.35,333149.8027205986,125331.958045062,463173.8470269473,588343.4971957188,4.27,23286,2024-06-24,0.0772203648956458,0.5187023630119,False,398249.5779743147,389771.77093628387,-0.2786508975968474,success,
23286,2024-06-25,16128.83,333149.8027205986,125331.958045062,463173.8470269473,588343.4971957188,4.26,23286,2024-06-25,0.0772320242924879,0.5187023630119,False,398249.5779743147,389356.0506671009,-0.2924261918821576,success,
23286,2024-06-26,16078.190000000002,333149.8027205986,125331.958045062,463173.8470269473,588343.4971957188,4.24,23286,2024-06-26,0.0767370000227875,0.5187023630119,False,398249.5779743147,389465.8018096795,-0.2906398198824863,success,
23286,2024-06-27,15546.47,333149.8027205986,125331.958045062,463173.8470269473,588343.4971957188,4.25,23286,2024-06-27,0.0768105436750783,0.5187023630119,False,398249.5779743147,388543.2138099503,-0.3212383590682001,success,
23286,2024-06-28,15546.47,333149.8027205986,125331.958045062,463173.8470269473,588343.4971957188,4.25,23286,2024-06-28,0.0766814306801963,0.5187023630119,False,398249.5779743147,388575.00252743385,-0.3207123419284075,success,
23286,2024-07-02,15900.95,333149.8027205986,125331.958045062,463173.8470269473,588343.4971957188,4.22,23286,2024-07-02,0.076736751642038,0.5148362209592391,False,398231.4377023052,389234.33122395945,-0.2977944910280042,success,
23286,2024-07-03,16812.47,333149.8027205986,125331.958045062,463173.8470269473,588343.4971957188,4.22,23286,2024-07-03,0.0767418086329805,0.5148362209592391,False,398231.4377023052,390694.8935532375,-0.24896997349158057,success,
23286,2024-07-04,16331.39,333149.8027205986,125331.958045062,463173.8470269473,588343.4971957188,4.22,23286,2024-07-04,0.0767901820859862,0.5148362209592391,False,398231.4377023052,389917.31766501075,-0.27475683491241637,success,
23286,2024-07-05,15875.629999999996,333149.8027205986,125331.958045062,463173.8470269473,588343.4971957188,4.23,23286,2024-07-05,0.0768283765955113,0.5148362209592391,False,398231.4377023052,389134.5282508009,-0.300777190079512,success,
23286,2024-07-08,15495.83,333149.8027205986,125331.958045062,463173.8470269473,588343.4971957188,4.18,23286,2024-07-08,0.0768553729774084,0.5148362209592391,False,398231.4377023052,388686.1281910366,-0.31567329102800246,success,
23286,2024-07-09,15521.149999999998,333149.8027205986,125331.958045062,463173.8470269473,588343.4971957188,4.2,23286,2024-07-09,0.0768755286921937,0.5148362209592391,False,398231.4377023052,388650.36141973437,-0.3167875765488772,success,
23286,2024-07-10,15369.23,333149.8027205986,125331.958045062,463173.8470269473,588343.4971957188,4.23,23286,2024-07-10,0.0769086673710645,0.5148362209592391,False,398231.4377023052,388281.75980834325,-0.328988627104776,success,
23286,2024-07-11,15799.67,333149.8027205986,125331.958045062,463173.8470269473,588343.4971957188,4.15,23286,2024-07-11,0.0769901379457062,0.5148362209592391,False,398231.4377023052,389261.7030126732,-0.29590104453572696,success,
23286,2024-07-12,16685.87,333149.8027205986,125331.958045062,463173.8470269473,588343.4971957188,4.13,23286,2024-07-12,0.0771048062281301,0.5148362209592391,False,398231.4377023052,390737.01696415193,-0.24639962359875184,success,
23286,2024-07-15,16204.79,333149.8027205986,125331.958045062,463173.8470269473,588343.4971957188,4.11,23286,2024-07-15,0.0771409265531991,0.5148362209592391,False,398231.4377023052,390029.65006530663,-0.2697734773211573,success,
23286,2024-07-16,16255.43,333149.8027205986,125331.958045062,463173.8470269473,588343.4971957188,4.08,23286,2024-07-16,0.0771286940491978,0.5148362209592391,False,398231.4377023052,390223.5679166732,-0.2633716588403917,success,
23286,2024-07-17,16913.75,333149.8027205986,125331.958045062,463173.8470269473,588343.4971957188,4.07,23286,2024-07-17,0.0772165094206138,0.5148362209592391,False,398231.4377023052,391290.9728182966,-0.22769585085804084,success,
23286,2024-07-18,16964.39,333149.8027205986,125331.958045062,463173.8470269473,588343.4971957188,4.04,23286,2024-07-18,0.077228625120271,0.5148362209592391,False,398231.4377023052,391477.5667166354,-0.2214868525518103,success,
23286,2024-07-19,16179.469999999998,333149.8027205986,125331.958045062,463173.8470269473,588343.4971957188,4.03,23286,2024-07-19,0.0772955355582425,0.5148362209592391,False,398231.4377023052,390242.56821890915,-0.2621732590803715,success,
23286,2024-07-22,16052.87,333149.8027205986,125331.958045062,463173.8470269473,588343.4971957188,4.03,23286,2024-07-22,0.0773118559677473,0.5148362209592391,False,398231.4377023052,390033.0168550077,-0.269065379935094,success,
23286,2024-07-23,15647.75,333149.8027205986,125331.958045062,463173.8470269473,588343.4971957188,4.03,23286,2024-07-23,0.0771995060714583,0.5148362209592391,False,398231.4377023052,389396.86543081934,-0.2906015338623084,success,
23286,2024-07-24,15065.39,333149.8027205986,125331.958045062,463173.8470269473,588343.4971957188,4.02,23286,2024-07-24,0.0772675184632511,0.5148362209592391,False,398231.4377023052,388445.6352925057,-0.3219996373423732,success,
23286,2024-07-25,14761.549999999996,333149.8027205986,125331.958045062,463173.8470269473,588343.4971957188,4.0,23286,2024-07-25,0.0772675184632511,0.5148362209592391,False,398231.4377023052,388003.47955421335,-0.3367395647431141,success,
23286,2024-07-26,14888.15,333149.8027205986,125331.958045062,463173.8470269473,588343.4971957188,4.0,23286,2024-07-26,0.0772877493735133,0.5148362209592391,False,398231.4377023052,388213.49827335944,-0.32964986919151373,success,
23286,2024-07-29,14609.629999999996,333149.8027205986,125331.958045062,463173.8470269473,588343.4971957188,4.02,23286,2024-07-29,0.0772939432712641,0.5148362209592391,False,398231.4377023052,387664.4974381692,-0.34793243392204676,success,
23286,2024-07-30,14432.39,333149.8027205986,125331.958045062,463173.8470269473,588343.4971957188,3.99,23286,2024-07-30,0.0764832325871572,0.5148362209592391,False,398231.4377023052,387679.7133476036,-0.35110728810394276,success,
23286,2024-07-31,14964.11,333149.8027205986,125331.958045062,463173.8470269473,588343.4971957188,3.93,23286,2024-07-31,0.0766279039644962,0.5148362209592391,False,398231.4377023052,388764.4200717533,-0.3139819903709351,success,
23286,2024-08-01,14407.069999999998,333149.8027205986,125331.958045062,463173.8470269473,588343.4971957188,3.87,23286,2024-08-01,0.0766524998840024,0.5214844792354834,False,398262.6319036247,388056.27859748877,-0.3386881030303212,success,
23286,2024-08-02,14483.030000000002,333149.8027205986,125331.958045062,463173.8470269473,588343.4971957188,3.79,23286,2024-08-02,0.0766591379348906,0.5214844792354834,False,398262.6319036247,388475.8709418843,-0.3245615312643065,success,
23286,2024-08-05,14356.43,333149.8027205986,125331.958045062,463173.8470269473,588343.4971957188,3.63,23286,2024-08-05,0.0767279320677229,0.5214844792354834,False,398262.6319036247,388821.93593666924,-0.3126654867828839,success,
23286,2024-08-06,14660.27,333149.8027205986,125331.958045062,463173.8470269473,588343.4971957188,3.7,23286,2024-08-06,0.0767683905882088,0.5214844792354834,False,398262.6319036247,389078.4100578597,-0.30391121993789744,success,
23286,2024-08-07,14837.510000000002,333149.8027205986,125331.958045062,463173.8470269473,588343.4971957188,3.59,23286,2024-08-07,0.0768535318955697,0.5214844792354834,False,398262.6319036247,389758.9577103712,-0.2808351859397023,success,
23286,2024-08-08,15141.35,333149.8027205986,125331.958045062,463173.8470269473,588343.4971957188,3.55,23286,2024-08-08,0.0768776041809155,0.5214844792354834,False,398262.6319036247,390411.85669131065,-0.25897583991964324,success,
23286,2024-08-09,15723.71,333149.8027205986,125331.958045062,463173.8470269473,588343.4971957188,3.5,23286,2024-08-09,0.077008908718333,0.5214844792354834,False,398262.6319036247,391530.22404018283,-0.22138936954134175,success,
23286,2024-08-12,15419.870000000004,333149.8027205986,125331.958045062,463173.8470269473,588343.4971957188,3.5,23286,2024-08-12,0.0769094426090035,0.5214844792354834,False,398262.6319036247,391052.02859084477,-0.23756576061756868,success,
23286,2024-08-13,15343.910000000002,333149.8027205986,125331.958045062,463173.8470269473,588343.4971957188,3.56,23286,2024-08-13,0.0768972689930989,0.5214844792354834,False,398262.6319036247,390709.4037402816,-0.24900229020123513,success,
23286,2024-08-14,15141.35,333149.8027205986,125331.958045062,463173.8470269473,588343.4971957188,3.5,23286,2024-08-14,0.0768163253724037,0.5214844792354834,False,398262.6319036247,390609.97092234425,-0.2525780998894191,success,
23286,2024-08-15,15116.03,333149.8027205986,125331.958045062,463173.8470269473,588343.4971957188,3.46,23286,2024-08-15,0.0768150083974791,0.5214844792354834,False,398262.6319036247,390713.8512642786,-0.24912075584821688,success,
23286,2024-08-16,15116.03,333149.8027205986,125331.958045062,463173.8470269473,588343.4971957188,3.49,23286,2024-08-16,0.0768468329029851,0.5214844792354834,False,398262.6319036247,390596.1762604139,-0.25293739619035177,success,
23286,2024-08-19,15191.990000000002,333149.8027205986,125331.958045062,463173.8470269473,588343.4971957188,3.48,23286,2024-08-19,0.0767645615167152,0.5214844792354834,False,398262.6319036247,390781.12642751896,-0.24704163154436454,success,
23286,2024-08-20,14761.549999999996,333149.8027205986,125331.958045062,463173.8470269473,588343.4971957188,3.48,23286,2024-08-20,0.076796641096928,0.5214844792354834,False,398262.6319036247,390045.6617213542,-0.2714682948363632,success,
23286,2024-08-21,14634.950000000004,333149.8027205986,125331.958045062,463173.8470269473,588343.4971957188,3.47,23286,2024-08-21,0.0768250844699439,0.5214844792354834,False,398262.6319036247,389858.58204641665,-0.27761249772206964,success,
23286,2024-08-22,14457.71,333149.8027205986,125331.958045062,463173.8470269473,588343.4971957188,3.44,23286,2024-08-22,0.0768250844699439,0.5214844792354834,False,398262.6319036247,389663.5291400624,-0.2841265455902393,success,
23286,2024-08-23,14103.23,333925.413795335,121942.3208699364,459562.1660493487,576614.2762013604,3.47,23286,2024-08-23,0.0816465094866968,0.5214844792354834,False,396823.16285669996,386318.7830820264,-0.32858546526971616,success,
23286,2024-08-26,14609.629999999996,333925.413795335,121942.3208699364,459562.1660493487,576614.2762013604,3.41,23286,2024-08-26,0.0817375164041674,0.5214844792354834,False,396823.16285669996,387415.06466741173,-0.29355077183963424,success,
23286,2024-08-27,14736.23,333925.413795335,121942.3208699364,459562.1660493487,576614.2762013604,3.43,23286,2024-08-27,0.0817409732405432,0.5214844792354834,False,396823.16285669996,387565.1949560888,-0.2887984717604511,success,
23286,2024-08-28,14483.030000000002,333925.413795335,121942.3208699364,459562.1660493487,576614.2762013604,3.37,23286,2024-08-28,0.0817632830284302,0.5214844792354834,False,396823.16285669996,387328.1843325401,-0.2962013235162554,success,
23286,2024-08-29,14786.87,333925.413795335,121942.3208699364,459562.1660493487,576614.2762013604,3.38,23286,2024-08-29,0.081684795717785,0.5214844792354834,False,396823.16285669996,387850.1613440866,-0.27999904643173423,success,
23286,2024-08-30,15647.75,333925.413795335,121942.3208699364,459562.1660493487,576614.2762013604,3.4,23286,2024-08-30,0.0630069404705261,0.5214844792354834,False,396823.16285669996,393676.1000900075,-0.12637111988235059,success,
23286,2024-09-02,15166.67,333925.413795335,121942.3208699364,459562.1660493487,576614.2762013604,3.39,23286,2024-09-02,0.0629149483648281,0.5196659494528663,False,396816.4444231982,393005.00089329964,-0.1534052032782184,success,
23286,2024-09-03,15926.270000000002,333925.413795335,121942.3208699364,459562.1660493487,576614.2762013604,3.38,23286,2024-09-03,0.0620416453606119,0.5196659494528663,False,396816.4444231982,394356.73428871273,-0.10022139940009461,success,
23286,2024-09-04,15850.31,333925.413795335,121942.3208699364,459562.1660493487,576614.2762013604,3.35,23286,2024-09-04,0.0619913545800565,0.5196659494528663,False,396816.4444231982,394367.0608125213,-0.0998803004327668,success,
23286,2024-09-05,16609.91,333925.413795335,121942.3208699364,459562.1660493487,576614.2762013604,3.31,23286,2024-09-05,0.0620335674937492,0.5196659494528663,False,396816.4444231982,395609.3003309507,-0.04911386480804723,success,
23286,2024-09-09,15622.43,333925.413795335,121942.3208699364,459562.1660493487,576614.2762013604,3.3,23286,2024-09-09,0.0619862421966828,0.5196659494528663,False,396816.4444231982,394217.98731391714,-0.1059879308979105,success,
23286,2024-09-10,14837.510000000002,333925.413795335,121942.3208699364,459562.1660493487,576614.2762013604,3.25,23286,2024-09-10,0.0619722233382697,0.5196659494528663,False,396816.4444231982,393230.6052471406,-0.14647845570678505,success,
23286,2024-09-11,14837.510000000002,333925.413795335,121942.3208699364,459562.1660493487,576614.2762013604,3.14,23286,2024-09-11,0.0619566785313981,0.5196659494528663,False,396816.4444231982,393642.01019587746,-0.12963775072231387,success,
23286,2024-09-12,14761.549999999996,333925.413795335,121942.3208699364,459562.1660493487,576614.2762013604,3.1,23286,2024-09-12,0.0618159260897322,0.5196659494528663,False,396816.4444231982,393705.95152064186,-0.12730541982437357,success,
23286,2024-09-13,14812.19,333925.413795335,121942.3208699364,459562.1660493487,576614.2762013604,3.0,23286,2024-09-13,0.0617528224780801,0.5196659494528663,False,396816.4444231982,394168.2652196229,-0.10843115612949406,success,
23286,2024-09-16,14558.989999999998,333925.413795335,121942.3208699364,459562.1660493487,576614.2762013604,2.97,23286,2024-09-16,0.0617431285551862,0.5196659494528663,False,396816.4444231982,393895.6366171368,-0.11965419951126013,success,
23286,2024-09-17,14609.629999999996,333925.413795335,121942.3208699364,459562.1660493487,576614.2762013604,2.97,23286,2024-09-17,0.0617539036824464,0.5196659494528663,False,396816.4444231982,393970.77276883106,-0.11654471968537997,success,
23286,2024-09-19,15597.11,333925.413795335,121942.3208699364,459562.1660493487,576614.2762013604,2.96,23286,2024-09-19,0.0619887842953413,0.5196659494528663,False,396816.4444231982,395443.8145532693,-0.05589885148439179,success,
23286,2024-09-20,16280.750000000002,333925.413795335,121942.3208699364,459562.1660493487,576614.2762013604,2.95,23286,2024-09-20,0.0620197441016142,0.5196659494528663,False,396816.4444231982,396477.36619317357,-0.01378370258860454,success,
23286,2024-09-23,16154.15,333925.413795335,121942.3208699364,459562.1660493487,576614.2762013604,2.96,23286,2024-09-23,0.0619651798848673,0.5196659494528663,False,396816.4444231982,396267.1472079131,-0.02235479970080542,success,
23286,2024-09-24,16711.19,333925.413795335,121942.3208699364,459562.1660493487,576614.2762013604,3.01,23286,2024-09-24,0.0620030777101089,0.5196659494528663,False,396816.4444231982,396877.6211448865,0.0024862787399244825,success,
23286,2024-09-25,16306.07,333925.413795335,121942.3208699364,459562.1660493487,576614.2762013604,2.85,23286,2024-09-25,0.062002934611264,0.5196659494528663,False,396816.4444231982,396890.5675912222,0.003012392151260947,success,
23286,2024-09-26,19217.87,333925.413795335,121942.3208699364,459562.1660493487,576614.2762013604,2.81,23286,2024-09-26,0.0634318037087867,0.5196659494528663,False,396816.4444231982,400848.81957973074,0.15939213375156416,success,
23286,2024-09-27,22534.79,333925.413795335,121942.3208699364,459562.1660493487,576614.2762013604,2.8,23286,2024-09-27,0.0648803150711516,0.5196659494528663,False,396816.4444231982,405011.6970006589,0.31507447211661505,success,
23286,2024-09-30,23193.11,333925.413795335,121942.3208699364,459562.1660493487,576614.2762013604,2.9,23286,2024-09-30,0.0646018395609378,0.5196659494528663,False,396816.4444231982,405512.98480477586,0.335579880584236,success,
23286,2024-10-02,27497.51,333925.413795335,121942.3208699364,459562.1660493487,576614.2762013604,3.1,23286,2024-10-02,0.066073880029538,0.5171017714294407,False,396806.97124343406,409825.5176732294,0.48856762369391893,success,
23286,2024-10-03,24990.83,333925.413795335,121942.3208699364,459562.1660493487,576614.2762013604,3.1,23286,2024-10-03,0.0668372569983339,0.5171017714294407,False,396806.97124343406,406681.76310307725,0.36777432145613387,success,
23286,2024-10-04,25877.03,333925.413795335,121942.3208699364,459562.1660493487,576614.2762013604,3.13,23286,2024-10-04,0.0668770342439894,0.5171017714294407,False,396806.97124343406,407655.1733042144,0.40330301683910863,success,
23286,2024-10-07,25978.31,333925.413795335,121942.3208699364,459562.1660493487,576614.2762013604,3.25,23286,2024-10-07,0.0668480777540737,0.5171017714294407,False,396806.97124343406,407331.8301621104,0.39160762356755274,success,
23286,2024-10-08,22053.71,333925.413795335,121942.3208699364,459562.1660493487,576614.2762013604,3.22,23286,2024-10-08,0.0687172686037526,0.5171017714294407,False,396806.97124343406,402193.31217882613,0.1962083979999028,success,
23286,2024-10-09,21116.87,333925.413795335,121942.3208699364,459562.1660493487,576614.2762013604,3.27,23286,2024-10-09,0.0688869195223024,0.5171017714294407,False,396806.97124343406,400729.5415883722,0.14279628165676417,success,
23286,2024-10-10,21927.11,333925.413795335,121942.3208699364,459562.1660493487,576614.2762013604,3.22,23286,2024-10-10,0.0690045510177441,0.5171017714294407,False,396806.97124343406,401977.98095189343,0.1876306600387507,success,
23286,2024-10-14,23167.79,333925.413795335,121942.3208699364,459562.1660493487,576614.2762013604,3.18,23286,2024-10-14,0.0692358096593039,0.5171017714294407,False,396806.97124343406,403715.6803801379,0.24930631908863865,success,
23286,2024-10-15,22889.27,333925.413795335,121942.3208699364,459562.1660493487,576614.2762013604,3.21,23286,2024-10-15,0.0692429230154138,0.5171017714294407,False,396806.97124343406,403240.48184260045,0.23227166760126103,success,
23286,2024-10-16,24003.35,333925.413795335,121942.3208699364,459562.1660493487,576614.2762013604,3.2,23286,2024-10-16,0.0692828568182705,0.5171017714294407,False,396806.97124343406,404708.95696410874,0.28460489337910666,success,
23286,2024-10-17,22180.31,333925.413795335,121942.3208699364,459562.1660493487,576614.2762013604,3.17,23286,2024-10-17,0.0696046739075111,0.5171017714294407,False,396806.97124343406,402399.3427121345,0.20106467949844994,success,
23286,2024-10-18,22863.95,333925.413795335,121942.3208699364,459562.1660493487,576614.2762013604,3.17,23286,2024-10-18,0.0696275376535142,0.5171017714294407,False,396806.97124343406,403294.7992979201,0.2329231085871787,success,
23286,2024-10-21,23370.35,333925.413795335,121942.3208699364,459562.1660493487,576614.2762013604,3.2,23286,2024-10-21,0.0695511975856649,0.5171017714294407,False,396806.97124343406,403853.483558253,0.2530826846914005,success,
23286,2024-10-22,23598.23,333925.413795335,121942.3208699364,459562.1660493487,576614.2762013604,3.2,23286,2024-10-22,0.0695202780810663,0.5171017714294407,False,396806.97124343406,404152.59432765364,0.26384490929901233,success,
23286,2024-10-23,24028.669999999995,333925.413795335,121942.3208699364,459562.1660493487,576614.2762013604,3.21,23286,2024-10-23,0.0695027581188746,0.5171017714294407,False,396806.97124343406,404670.4455961784,0.28233523245205766,success,
23286,2024-10-24,23623.55,333925.413795335,121942.3208699364,459562.1660493487,576614.2762013604,3.2,23286,2024-10-24,0.069455777803569,0.5171017714294407,False,396806.97124343406,404195.2436164141,0.26560920010093164,success,
23286,2024-10-25,24383.15,333925.413795335,121942.3208699364,459562.1660493487,576614.2762013604,3.25,23286,2024-10-25,0.0694458038045265,0.5171017714294407,False,396806.97124343406,404981.28433105804,0.2936233649718978,success,
23286,2024-10-28,26079.59,333925.413795335,121942.3208699364,459562.1660493487,576614.2762013604,3.25,23286,2024-10-28,0.06975289816513,0.5171017714294407,False,396806.97124343406,407065.2927435269,0.3659153062368812,success,
23286,2024-10-29,25725.11,333925.413795335,121942.3208699364,459562.1660493487,576614.2762013604,3.26,23286,2024-10-29,0.0697318874816111,0.5171017714294407,False,396806.97124343406,406590.343728866,0.3492836499249393,success,
23286,2024-10-30,25775.75,333925.413795335,121942.3208699364,459562.1660493487,576614.2762013604,3.29,23286,2024-10-30,0.0696552537015421,0.5171017714294407,False,396806.97124343406,406551.7759762532,0.3483060623391591,success,
23286,2024-10-31,26130.23,333925.413795335,121942.3208699364,459562.1660493487,576614.2762013604,3.3,23286,2024-10-31,0.069575059735571,0.5171017714294407,False,396806.97124343406,406965.1342594777,0.3633137038591831,success,
23286,2024-11-01,26991.11,333925.413795335,121942.3208699364,459562.1660493487,576614.2762013604,3.3,23286,2024-11-01,0.0695714002051757,0.5159006507569677,False,396802.53378552565,408019.60776693875,0.40068865195986003,success,
23286,2024-11-04,26788.55,333925.413795335,121942.3208699364,459562.1660493487,576614.2762013604,3.24,23286,2024-11-04,0.0695084526222382,0.5159006507569677,False,396802.53378552565,408005.1950135333,0.4005433182664333,success,
23286,2024-11-05,26839.19,333925.413795335,121942.3208699364,459562.1660493487,576614.2762013604,3.23,23286,2024-11-05,0.0693886573983143,0.5159006507569677,False,396802.53378552565,408120.58619535225,0.4053101076299277,success,
23286,2024-11-06,26130.23,333925.413795335,121942.3208699364,459562.1660493487,576614.2762013604,3.24,23286,2024-11-06,0.0694210730467046,0.5159006507569677,False,396802.53378552565,407206.9266339895,0.37283656698172474,success,
23286,2024-11-07,27396.23,333925.413795335,121942.3208699364,459562.1660493487,576614.2762013604,3.27,23286,2024-11-07,0.0695248231445308,0.5159006507569677,False,396802.53378552565,408631.75086175045,0.42251995133168774,success,
23286,2024-11-08,26130.23,333925.413795335,121942.3208699364,459562.1660493487,576614.2762013604,3.29,23286,2024-11-08,0.0696983569074158,0.5159006507569677,False,396802.53378552565,406981.4642938843,0.36340714925548784,success,
23286,2024-11-11,25444.07,333925.413795335,121942.3208699364,459562.1660493487,576614.2762013604,3.3,23286,2024-11-11,0.0694297097434688,0.5159006507569677,False,396802.53378552565,406128.5114143302,0.33459565423751086,success,
23286,2024-11-12,24531.73,333925.413795335,121942.3208699364,459562.1660493487,576614.2762013604,3.34,23286,2024-11-12,0.0695042798696829,0.5159006507569677,False,396802.53378552565,404820.4559480819,0.2878224084048231,success,
23286,2024-11-13,24252.96,333925.413795335,121942.3208699364,459562.1660493487,576614.2762013604,3.4,23286,2024-11-13,0.0694441982010119,0.5159006507569677,False,396802.53378552565,404251.2651225873,0.26781023541956905,success,
23286,2024-11-14,23898.16,333925.413795335,121942.3208699364,459562.1660493487,576614.2762013604,3.42,23286,2024-11-14,0.0693751390448609,0.5159006507569677,False,396802.53378552565,403734.3182440731,0.24963225760855667,success,
23286,2024-11-15,23644.74,333925.413795335,121942.3208699364,459562.1660493487,576614.2762013604,3.38,23286,2024-11-15,0.0692162968516966,0.5159006507569677,False,396802.53378552565,403583.06493476516,0.24479157956109482,success,
23286,2024-11-18,23644.74,333925.413795335,121942.3208699364,459562.1660493487,576614.2762013604,3.39,23286,2024-11-18,0.0691882802543262,0.5159006507569677,False,396802.53378552565,403550.0573247643,0.2437085705999077,success,
23286,2024-11-19,24328.99,333925.413795335,121942.3208699364,459562.1660493487,576614.2762013604,3.4,23286,2024-11-19,0.0691458832732389,0.5159006507569677,False,396802.53378552565,404392.3968299383,0.274013781026701,success,
23286,2024-11-20,24354.33,333925.413795335,121942.3208699364,459562.1660493487,576614.2762013604,3.49,23286,2024-11-20,0.0690446464981842,0.5159006507569677,False,396802.53378552565,404103.47770142363,0.26406416826217144,success,
23286,2024-11-21,23872.82,333925.413795335,121942.3208699364,459562.1660493487,576614.2762013604,3.5,23286,2024-11-21,0.0690113441670944,0.5159006507569677,False,396802.53378552565,403458.7116652737,0.2410530652293367,success,
23286,2024-11-22,23112.54,333925.413795335,121942.3208699364,459562.1660493487,576614.2762013604,3.52,23286,2024-11-22,0.0690843963292312,0.5159006507569677,False,396802.53378552565,402395.37236814084,0.202597959096273,success,
23286,2024-11-25,22808.43,333925.413795335,121942.3208699364,459562.1660493487,576614.2762013604,3.59,23286,2024-11-25,0.0691138455323775,0.5159006507569677,False,396802.53378552565,401735.31267189747,0.17875846059925987,success,
23286,2024-11-26,22935.14,333925.413795335,121942.3208699364,459562.1660493487,576614.2762013604,3.56,23286,2024-11-26,0.0690348329780669,0.5159006507569677,False,396802.53378552565,402024.2493093178,0.18937754988609837,success,
23286,2024-11-27,23492.68,333925.413795335,121942.3208699364,459562.1660493487,576614.2762013604,3.6,23286,2024-11-27,0.0690379721433855,0.5159006507569677,False,396802.53378552565,402594.98875633,0.20991788341110731,success,
23286,2024-11-28,23289.94,333925.413795335,121942.3208699364,459562.1660493487,576614.2762013604,3.57,23286,2024-11-28,0.0690107652149182,0.5159006507569677,False,396802.53378552565,402449.90801474743,0.20477784870221993,success,
23286,2024-11-29,24126.25,333925.413795335,121942.3208699364,459562.1660493487,576614.2762013604,3.54,23286,2024-11-29,0.0690028394912369,0.5159006507569677,False,396802.53378552565,403633.68968222855,0.24736658856551832,success,
23286,2024-12-02,24835.84,333925.413795335,121942.3208699364,459562.1660493487,576614.2762013604,3.55,23286,2024-12-02,0.0690003298187575,0.514860863386096,False,396798.6923624299,404489.84552780533,0.2782240682474215,success,
23286,2024-12-03,24557.07,333925.413795335,121942.3208699364,459562.1660493487,576614.2762013604,3.55,23286,2024-12-03,0.0689964559810484,0.514860863386096,False,396798.6923624299,404139.38340724056,0.2656766450514877,success,
23286,2024-12-04,24252.96,333925.413795335,121942.3208699364,459562.1660493487,576614.2762013604,3.52,23286,2024-12-04,0.0689942613523933,0.514860863386096,False,396798.6923624299,403866.86505580135,0.2559082656353764,success,
23286,2024-12-05,23796.79,333925.413795335,121942.3208699364,459562.1660493487,576614.2762013604,3.54,23286,2024-12-05,0.0687924881232056,0.514860863386096,False,396798.6923624299,403241.951722789,0.23414879688058807,success,
23286,2024-12-06,24430.36,333925.413795335,121942.3208699364,459562.1660493487,576614.2762013604,3.47,23286,2024-12-06,0.0688134756095845,0.514860863386096,False,396798.6923624299,404304.77743417374,0.27232911897913414,success,
23286,2024-12-09,26052.29,333925.413795335,121942.3208699364,459562.1660493487,576614.2762013604,3.45,23286,2024-12-09,0.0691805679328025,0.514860863386096,False,396798.6923624299,406353.32525988366,0.3439399410814828,success,
23286,2024-12-10,25190.64,333925.413795335,121942.3208699364,459562.1660493487,576614.2762013604,3.59,23286,2024-12-10,0.06937815591014,0.514860863386096,False,396798.6923624299,404731.4080041509,0.2853142574649596,success,
23286,2024-12-11,24962.560000000005,333925.413795335,121942.3208699364,459562.1660493487,576614.2762013604,3.52,23286,2024-12-11,0.0692571378798972,0.514860863386096,False,396798.6923624299,404724.0548886543,0.28555048026313307,success,
23286,2024-12-12,25849.55,333925.413795335,121942.3208699364,459562.1660493487,576614.2762013604,3.5,23286,2024-12-12,0.0693031451351071,0.514860863386096,False,396798.6923624299,405898.726405758,0.32718004563226133,success,
23286,2024-12-13,24582.419999999995,333925.413795335,121942.3208699364,459562.1660493487,576614.2762013604,3.49,23286,2024-12-13,0.0694145788407161,0.514860863386096,False,396798.6923624299,404334.0401274021,0.2710135059360423,success,
23286,2024-12-16,23822.14,333925.413795335,121942.3208699364,459562.1660493487,576614.2762013604,3.5,23286,2024-12-16,0.0693596856483508,0.514860863386096,False,396798.6923624299,403337.3539887561,0.2356446448635513,success,
23286,2024-12-17,23213.91,333925.413795335,121942.3208699364,459562.1660493487,576614.2762013604,3.48,23286,2024-12-17,0.0692794219239181,0.514860863386096,False,396798.6923624299,402641.3323569401,0.2109874932787857,success,
23286,2024-12-18,23670.08,333925.413795335,121942.3208699364,459562.1660493487,576614.2762013604,3.5,23286,2024-12-18,0.0691754734872398,0.514860863386096,False,396798.6923624299,403170.63313539745,0.23029549156919416,success,
23286,2024-12-19,23213.91,333925.413795335,121942.3208699364,459562.1660493487,576614.2762013604,3.55,23286,2024-12-19,0.0689240965979843,0.514860863386096,False,396798.6923624299,402436.1845766194,0.20468105352860932,success,
23286,2024-12-20,23036.51,333925.413795335,121942.3208699364,459562.1660493487,576614.2762013604,3.55,23286,2024-12-20,0.0687557012181736,0.514860863386096,False,396798.6923624299,402233.2621938257,0.1978467874143186,success,
23286,2024-12-23,23011.17,333925.413795335,121942.3208699364,459562.1660493487,576614.2762013604,3.53,23286,2024-12-23,0.0683864572988252,0.514860863386096,False,396798.6923624299,402332.8013115845,0.20253323080629582,success,
23286,2024-12-24,23492.68,333925.413795335,121942.3208699364,459562.1660493487,576614.2762013604,3.55,23286,2024-12-24,0.0683205900003635,0.514860863386096,False,396798.6923624299,402887.4814305981,0.22289386858615026,success,
23286,2024-12-27,23441.99,333925.413795335,121942.3208699364,459562.1660493487,576614.2762013604,3.55,23286,2024-12-27,0.0681861511259686,0.514860863386096,False,396798.6923624299,402843.05816281156,0.22171617052888482,success,
23286,2024-12-30,23011.17,333925.413795335,121942.3208699364,459562.1660493487,576614.2762013604,3.55,23286,2024-12-30,0.0681806264423266,0.514860863386096,False,396798.6923624299,402290.35312811984,0.2015971418717734,success,
23286,2024-12-31,23467.34,333925.413795335,121942.3208699364,459562.1660493487,576614.2762013604,3.52,23286,2024-12-31,0.0681909221590248,0.514860863386096,False,396798.6923624299,402986.64456598787,0.22692670703266749,success,
23286,2025-01-02,23974.19,333925.413795335,121942.3208699364,459562.1660493487,576614.2762013604,3.47,23286,2025-01-02,0.0682217277849994,0.5093810177504803,False,396778.4474487338,403795.40505237225,0.2569601956293249,success,
23286,2025-01-03,23948.85,333925.413795335,121942.3208699364,459562.1660493487,576614.2762013604,3.49,23286,2025-01-03,0.067917490265086,0.5093810177504803,False,396778.4474487338,403733.6597115976,0.2558596367057286,success,
23286,2025-01-06,22783.08,333925.413795335,121942.3208699364,459562.1660493487,576614.2762013604,3.49,23286,2025-01-06,0.0680578995205188,0.5093810177504803,False,396778.4474487338,402219.38655730523,0.2001181277838741,success,
23286,2025-01-07,22555.0,333925.413795335,121942.3208699364,459562.1660493487,576614.2762013604,3.51,23286,2025-01-07,0.0680519518586992,0.5093810177504803,False,396778.4474487338,401849.9246291655,0.18663151786316703,success,
23286,2025-01-08,21490.61,333925.413795335,121942.3208699364,459562.1660493487,576614.2762013604,3.55,23286,2025-01-08,0.068192868309872,0.5093810177504803,False,396778.4474487338,400279.58531400387,0.12882884118987256,success,
23286,2025-01-09,21972.12,333925.413795335,121942.3208699364,459562.1660493487,576614.2762013604,3.52,23286,2025-01-09,0.0682289168752878,0.5093810177504803,False,396778.4474487338,401021.77322257124,0.15591138776196717,success,
23286,2025-01-10,21414.58,333925.413795335,121942.3208699364,459562.1660493487,576614.2762013604,3.55,23286,2025-01-10,0.0682773930013535,0.5093810177504803,False,396778.4474487338,400164.2601216298,0.12444902645860029,success,
23286,2025-01-13,21921.43,333925.413795335,121942.3208699364,459562.1660493487,576614.2762013604,3.55,23286,2025-01-13,0.0682596162174377,0.5093810177504803,False,396778.4474487338,400838.3765261745,0.1491399679154846,success,
23286,2025-01-14,22225.55,333925.413795335,121942.3208699364,459562.1660493487,576614.2762013604,3.55,23286,2025-01-14,0.0679997391374559,0.5093810177504803,False,396778.4474487338,401279.8358376171,0.16589726696774515,success,
23286,2025-01-15,22174.86,333925.413795335,121942.3208699364,459562.1660493487,576614.2762013604,3.53,23286,2025-01-15,0.0679750953817536,0.5093810177504803,False,396778.4474487338,401291.95961364673,0.16640187305522416,success,
23286,2025-01-16,22276.23,333925.413795335,121942.3208699364,459562.1660493487,576614.2762013604,3.51,23286,2025-01-16,0.0678645578784269,0.5093810177504803,False,396778.4474487338,401516.734975587,0.17492423134935317,success,
23286,2025-01-17,22808.43,333925.413795335,121942.3208699364,459562.1660493487,576614.2762013604,3.5,23286,2025-01-17,0.0678405289238392,0.5093810177504803,False,396778.4474487338,402248.9707813227,0.20184349093418755,success,
23286,2025-01-20,22174.86,333925.413795335,121942.3208699364,459562.1660493487,576614.2762013604,3.5,23286,2025-01-20,0.0678666550149723,0.5093810177504803,False,396778.4474487338,401421.18784480816,0.17141204029350585,success,
23286,2025-01-21,23188.570000000003,333925.413795335,121942.3208699364,459562.1660493487,576614.2762013604,3.46,23286,2025-01-21,0.068008831704106,0.5093810177504803,False,396778.4474487338,402861.83934059116,0.22372998234382416,success,
23286,2025-01-22,22402.94,333925.413795335,121942.3208699364,459562.1660493487,576614.2762013604,3.47,23286,2025-01-22,0.0678585425594896,0.5093810177504803,False,396778.4474487338,401831.92469221517,0.18650334804897048,success,
23286,2025-01-23,21921.43,333925.413795335,121942.3208699364,459562.1660493487,576614.2762013604,3.45,23286,2025-01-23,0.0678204100300323,0.5093810177504803,False,396778.4474487338,401282.6531422419,0.16643944862128204,success,
23286,2025-01-24,22022.8,333925.413795335,121942.3208699364,459562.1660493487,576614.2762013604,3.45,23286,2025-01-24,0.0677177067691736,0.5093810177504803,False,396778.4474487338,401432.45852346806,0.1722036806377094,success,
23286,2025-01-27,21896.09,333925.413795335,121942.3208699364,459562.1660493487,576614.2762013604,3.45,23286,2025-01-27,0.0673334214208394,0.5093810177504803,False,396778.4474487338,401328.8052653158,0.16935121229153305,success,
23286,2025-01-28,21769.38,333925.413795335,121942.3208699364,459562.1660493487,576614.2762013604,3.49,23286,2025-01-28,0.0672488089341908,0.5093810177504803,False,396778.4474487338,401027.3146384806,0.15838917344206882,success,
23286,2025-02-03,21414.58,333925.413795335,121942.3208699364,459562.1660493487,576614.2762013604,3.41,23286,2025-02-03,0.0670659596130466,0.5047278794750354,False,396761.25674865453,400871.8552448038,0.15368574330368054,success,
23286,2025-02-04,20933.07,333925.413795335,121942.3208699364,459562.1660493487,576614.2762013604,3.39,23286,2025-02-04,0.0669301368486665,0.5047278794750354,False,396761.25674865453,400329.8934371327,0.13378441782945744,success,
23286,2025-02-05,20882.38,333925.413795335,121942.3208699364,459562.1660493487,576614.2762013604,3.3,23286,2025-02-05,0.0669248128799518,0.5047278794750354,False,396761.25674865453,400598.445331621,0.14381528403201516,success,
23286,2025-02-06,21110.47,333925.413795335,121942.3208699364,459562.1660493487,576614.2762013604,3.3,23286,2025-02-06,0.0669225144388618,0.5047278794750354,False,396761.25674865453,400902.7542458278,0.1551668891591144,success,
23286,2025-02-07,22048.15,333925.413795335,121942.3208699364,459562.1660493487,576614.2762013604,3.31,23286,2025-02-07,0.0669203210001109,0.5047278794750354,False,396761.25674865453,402100.3906415752,0.1997458142031949,success,
23286,2025-02-10,22960.48,333925.413795335,121942.3208699364,459562.1660493487,576614.2762013604,3.3,23286,2025-02-10,0.0669166770513892,0.5047278794750354,False,396761.25674865453,403318.1652220914,0.24494657608538403,success,
23286,2025-02-11,22352.26,333925.413795335,121942.3208699364,459562.1660493487,576614.2762013604,3.3,23286,2025-02-11,0.0669140048551752,0.5047278794750354,False,396761.25674865453,402534.2650540961,0.21588145014291402,success,
23286,2025-02-12,23492.68,333925.413795335,121942.3208699364,459562.1660493487,576614.2762013604,3.3,23286,2025-02-12,0.0670093818387387,0.5047278794750354,False,396761.25674865453,403983.5827454259,0.26920870586039647,success,
23286,2025-02-13,23720.76,333925.413795335,121942.3208699364,459562.1660493487,576614.2762013604,3.35,23286,2025-02-13,0.0669512257337533,0.5047278794750354,False,396761.25674865453,404094.4092641493,0.27353951112999914,success,
23286,2025-02-14,23923.509999999995,333925.413795335,121942.3208699364,459562.1660493487,576614.2762013604,3.32,23286,2025-02-14,0.0668127311908629,0.5047278794750354,False,396761.25674865453,404482.96334138437,0.28849122084317963,success,
23286,2025-02-17,24050.22,333925.413795335,121942.3208699364,459562.1660493487,576614.2762013604,3.34,23286,2025-02-17,0.0667282743724751,0.5047278794750354,False,396761.25674865453,404579.78269837133,0.2924431008038796,success,
23286,2025-02-18,23695.42,333925.413795335,121942.3208699364,459562.1660493487,576614.2762013604,3.35,23286,2025-02-18,0.0666900347964725,0.5047278794750354,False,396761.25674865453,404100.75371108006,0.27484624797460194,success,
23286,2025-02-19,23771.45,333925.413795335,121942.3208699364,459562.1660493487,576614.2762013604,3.39,23286,2025-02-19,0.0665069153698565,0.5047278794750354,False,396761.25674865453,404073.83141454234,0.2746012318772079,success,
23286,2025-02-20,23441.99,333925.413795335,121942.3208699364,459562.1660493487,576614.2762013604,3.42,23286,2025-02-20,0.0664550770691593,0.5047278794750354,False,396761.25674865453,403552.80755931005,0.2553999219752627,success,
23286,2025-02-21,25114.61,333925.413795335,121942.3208699364,459562.1660493487,576614.2762013604,3.42,23286,2025-02-21,0.066725853615321,0.5047278794750354,False,396761.25674865453,405606.5749259971,0.3304406001476,success,
23286,2025-02-24,26305.72,333925.413795335,121942.3208699364,459562.1660493487,576614.2762013604,3.4,23286,2025-02-24,0.0665561717946645,0.5047278794750354,False,396761.25674865453,407161.5872705551,0.3887752987069372,success,
23286,2025-02-25,26457.78,333925.413795335,121942.3208699364,459562.1660493487,576614.2762013604,3.38,23286,2025-02-25,0.0664327677852272,0.5047278794750354,False,396761.25674865453,407436.4698787803,0.3996564929131704,success,
23286,2025-02-26,29701.64,333925.413795335,121942.3208699364,459562.1660493487,576614.2762013604,3.4,23286,2025-02-26,0.0674987413878642,0.5047278794750354,False,396761.25674865453,411089.4306114831,0.5255809430547909,success,
23286,2025-02-27,31070.15,333925.413795335,121942.3208699364,459562.1660493487,576614.2762013604,3.4,23286,2025-02-27,0.0675255499248227,0.5047278794750354,False,396761.25674865453,412673.4633236772,0.5823262923866712,success,
23286,2025-02-28,29144.1,333925.413795335,121942.3208699364,459562.1660493487,576614.2762013604,3.4,23286,2025-02-28,0.0678905837719154,0.5047278794750354,False,396761.25674865453,410391.9891905389,0.4975364899189353,success,
23286,2025-03-03,29904.38,333925.413795335,121942.3208699364,459562.1660493487,576614.2762013604,3.39,23286,2025-03-03,0.0679005490925118,0.4994460251721314,False,396741.7433003518,411301.6106658869,0.5307945722720088,success,
23286,2025-03-04,30107.119999999995,333925.413795335,121942.3208699364,459562.1660493487,576614.2762013604,3.35,23286,2025-03-04,0.0678210347492028,0.4994460251721314,False,396741.7433003518,411697.27074746887,0.5455940227315544,success,
23286,2025-03-05,31120.830000000005,333925.413795335,121942.3208699364,459562.1660493487,576614.2762013604,3.34,23286,2025-03-05,0.0678545145383822,0.4994460251721314,False,396741.7433003518,412906.0490686263,0.5885317271244931,success,
23286,2025-03-06,33300.3,333925.413795335,121942.3208699364,459562.1660493487,576614.2762013604,3.3,23286,2025-03-06,0.0683295941477,0.4994460251721314,False,396741.7433003518,415499.77347599634,0.6760836404000158,success,
23286,2025-03-07,31374.26,333925.413795335,121942.3208699364,459562.1660493487,576614.2762013604,3.28,23286,2025-03-07,0.0686348634753663,0.4994460251721314,False,396741.7433003518,413344.68828593823,0.5973100372681336,success,
23286,2025-03-10,30411.24,333925.413795335,121942.3208699364,459562.1660493487,576614.2762013604,3.3,23286,2025-03-10,0.0686583304858665,0.4994460251721314,False,396741.7433003518,412149.7236078818,0.5549383669262985,success,
23286,2025-03-11,29955.070000000003,333925.413795335,121942.3208699364,459562.1660493487,576614.2762013604,3.3,23286,2025-03-11,0.0685069093270464,0.4994460251721314,False,396741.7433003518,411633.2652539194,0.5378621233438482,success,
23286,2025-03-12,31272.89,333925.413795335,121942.3208699364,459562.1660493487,576614.2762013604,3.27,23286,2025-03-12,0.0685463540658779,0.4994460251721314,False,396741.7433003518,413274.48125871504,0.5956031935684141,success,
23286,2025-03-13,29498.9,333925.413795335,121942.3208699364,459562.1660493487,576614.2762013604,3.27,23286,2025-03-13,0.068773790099617,0.4994460251721314,False,396741.7433003518,411180.39969278034,0.5197692098041335,success,
23286,2025-03-14,32438.65,333925.413795335,121942.3208699364,459562.1660493487,576614.2762013604,3.23,23286,2025-03-14,0.0697101223841099,0.4994460251721314,False,396741.7433003518,414649.3986891442,0.6333053345574868,success,
23286,2025-03-17,34009.9,333925.413795335,121942.3208699364,459562.1660493487,576614.2762013604,3.26,23286,2025-03-17,0.0698124098488945,0.4994460251721314,False,396741.7433003518,416317.3218077279,0.6898804101043833,success,
23286,2025-03-18,33553.73,333925.413795335,121942.3208699364,459562.1660493487,576614.2762013604,3.26,23286,2025-03-18,0.0697154183966319,0.4994460251721314,False,396741.7433003518,415809.03448996454,0.6733166906938723,success,
23286,2025-03-19,32945.51,333925.413795335,121942.3208699364,459562.1660493487,576614.2762013604,3.25,23286,2025-03-19,0.0694737960472365,0.4994460251721314,False,396741.7433003518,415177.33176419564,0.6537743530515382,success,
23286,2025-03-20,31779.74,333925.413795335,121942.3208699364,459562.1660493487,576614.2762013604,3.26,23286,2025-03-20,0.0695133111777933,0.4994460251721314,False,396741.7433003518,413797.72448100965,0.6055202543384208,success,
23286,2025-03-21,30613.980000000003,333925.413795335,121942.3208699364,459562.1660493487,576614.2762013604,3.25,23286,2025-03-21,0.0695260895319078,0.4994460251721314,False,396741.7433003518,412480.3039875636,0.5595440306646339,success,
23286,2025-03-24,30613.980000000003,333925.413795335,121942.3208699364,459562.1660493487,576614.2762013604,3.25,23286,2025-03-24,0.0694588742755371,0.4994460251721314,False,396741.7433003518,412487.65339031577,0.5603420182798321,success,
23286,2025-03-25,30613.980000000003,333925.413795335,121942.3208699364,459562.1660493487,576614.2762013604,3.21,23286,2025-03-25,0.0696070269323842,0.4994460251721314,False,396741.7433003518,412622.14233450434,0.5638326753911237,success,
23286,2025-03-26,30613.980000000003,333925.413795335,121942.3208699364,459562.1660493487,576614.2762013604,3.22,23286,2025-03-26,0.0697080569583653,0.4994460251721314,False,396741.7433003518,412573.3623489096,0.5613194720199361,success,
23286,2025-03-27,27218.06,333925.413795335,121942.3208699364,459562.1660493487,576614.2762013604,3.19,23286,2025-03-27,0.0700391828676553,0.4994460251721314,False,396741.7433003518,408590.5558585124,0.4201651010680915,success,
23286,2025-03-28,27167.369999999995,303791.4364435766,112766.50109434738,419555.4921919835,540308.2581093524,3.15,23286,2025-03-28,0.0789092394143935,0.4994460251721314,False,361671.8037479565,374413.64275539573,0.43878260724548723,success,
23286,2025-03-31,27876.97,303791.4364435766,112766.50109434738,419555.4921919835,540308.2581093524,3.05,23286,2025-03-31,0.0558284776943229,0.4994460251721314,False,361671.8037479565,377813.73398714745,0.7821120622748474,success,
23286,2025-04-01,28738.620000000003,303791.4364435766,112766.50109434738,419555.4921919835,540308.2581093524,3.1,23286,2025-04-01,0.0558103835775699,0.4958114472333724,False,361660.9089019406,378571.36805600266,0.8188001954230405,success,
23286,2025-04-02,27674.230000000003,303791.4364435766,112766.50109434738,419555.4921919835,540308.2581093524,3.05,23286,2025-04-02,0.0556154191649023,0.4958114472333724,False,361660.9089019406,377595.07467605587,0.775240643337895,success,
23286,2025-04-03,28079.71,303791.4364435766,112766.50109434738,419555.4921919835,540308.2581093524,3.02,23286,2025-04-03,0.0555704245656434,0.4958114472333724,False,361660.9089019406,378146.1104026142,0.8021101088597423,success,
23286,2025-04-07,24252.96,303791.4364435766,112766.50109434738,419555.4921919835,540308.2581093524,2.89,23286,2025-04-07,0.0571133150488267,0.4958114472333724,False,361660.9089019406,374198.351586414,0.5966901333073541,success,
23286,2025-04-08,24633.1,303791.4364435766,112766.50109434738,419555.4921919835,540308.2581093524,2.93,23286,2025-04-08,0.0570600310333166,0.4958114472333724,False,361660.9089019406,374499.8264643337,0.6113610850344233,success,
23286,2025-04-09,25446.78,303791.4364435766,112766.50109434738,419555.4921919835,540308.2581093524,2.92,23286,2025-04-09,0.0570856205809973,0.4958114472333724,False,361660.9089019406,375457.0252570276,0.6558036938506026,success,
23286,2025-04-10,25903.91,303791.4364435766,112766.50109434738,419555.4921919835,540308.2581093524,2.83,23286,2025-04-10,0.0569015412122051,0.4958114472333724,False,361660.9089019406,376299.7463709199,0.6973267446414192,success,
23286,2025-04-11,26665.79,303791.4364435766,112766.50109434738,419555.4921919835,540308.2581093524,2.9,23286,2025-04-11,0.0568473545940765,0.4958114472333724,False,361660.9089019406,376913.836684514,0.7266750514619309,success,
23286,2025-04-14,26614.99,303791.4364435766,112766.50109434738,419555.4921919835,540308.2581093524,3.01,23286,2025-04-14,0.0568183159482439,0.4958114472333724,False,361660.9089019406,376477.6949020231,0.7066690456036456,success,
23286,2025-04-15,25548.36,303791.4364435766,112766.50109434738,419555.4921919835,540308.2581093524,2.97,23286,2025-04-15,0.0568879117400873,0.4958114472333724,False,361660.9089019406,375414.72731303604,0.6561024326024429,success,
23286,2025-04-16,26005.49,303791.4364435766,112766.50109434738,419555.4921919835,540308.2581093524,2.98,23286,2025-04-16,0.0568217697335185,0.4958114472333724,False,361660.9089019406,375899.76106431504,0.6795891437701521,success,
23286,2025-04-17,26970.540000000005,303791.4364435766,112766.50109434738,419555.4921919835,540308.2581093524,2.91,23286,2025-04-17,0.0568247341399122,0.4958114472333724,False,361660.9089019406,377219.9448703327,0.7412506018792021,success,
23286,2025-04-22,27326.08,303791.4364435766,112766.50109434738,419555.4921919835,540308.2581093524,2.98,23286,2025-04-22,0.0567304341497843,0.4958114472333724,False,361660.9089019406,377377.9311416409,0.7498637852326387,success,
23286,2025-04-23,26462.62,303791.4364435766,112766.50109434738,419555.4921919835,540308.2581093524,2.98,23286,2025-04-23,0.0567543261968252,0.4958114472333724,False,361660.9089019406,376416.61055559583,0.7046067214083688,success,
23286,2025-04-24,26614.99,303791.4364435766,112766.50109434738,419555.4921919835,540308.2581093524,2.99,23286,2025-04-24,0.0566795810629728,0.4958114472333724,False,361660.9089019406,376557.4815590328,0.7121374435061215,success,
23286,2025-04-25,26310.24,303791.4364435766,112766.50109434738,419555.4921919835,540308.2581093524,3.02,23286,2025-04-25,0.0566384423394633,0.4958114472333724,False,361660.9089019406,376116.54106423235,0.6919679689727743,success,
23286,2025-04-28,25599.15,303791.4364435766,112766.50109434738,419555.4921919835,540308.2581093524,3.02,23286,2025-04-28,0.0566397990677496,0.4958114472333724,False,361660.9089019406,375318.82243203284,0.6544656130533578,success,
23286,2025-04-29,25497.57,303791.4364435766,112766.50109434738,419555.4921919835,540308.2581093524,2.99,23286,2025-04-29,0.0566382304189681,0.4958114472333724,False,361660.9089019406,375308.44460967113,0.6539955340988105,success,
23286,2025-04-30,25192.82,303791.4364435766,112766.50109434738,419555.4921919835,540308.2581093524,3.1,23286,2025-04-30,0.0566382034250887,0.4958114472333724,False,361660.9089019406,374583.32954421284,0.6198506976950497,success,
23286,2025-05-02,25700.74,303791.4364435766,112766.50109434738,419555.4921919835,540308.2581093524,3.03,23286,2025-05-02,0.0566369356197588,0.4968508780290775,False,361664.0246525599,375401.7223851104,0.6582460667273612,success,
23286,2025-05-06,24862.67,303791.4364435766,112766.50109434738,419555.4921919835,540308.2581093524,3.03,23286,2025-05-06,0.0566367162281799,0.4968508780290775,False,361664.0246525599,374454.5195016219,0.6136422178404513,success,
23286,2025-05-07,24888.070000000003,303791.4364435766,112766.50109434738,419555.4921919835,540308.2581093524,2.79,23286,2025-05-07,0.0563777982655518,0.4968508780290775,False,361664.0246525599,375337.26507603785,0.6582258314883261,success,
23286,2025-05-08,24532.52,303791.4364435766,112766.50109434738,419555.4921919835,540308.2581093524,2.35,23286,2025-05-08,0.0562762862436558,0.4968508780290775,False,361664.0246525599,376471.7925744838,0.7130437137771861,success,
23286,2025-05-09,23694.46,303791.4364435766,112766.50109434738,419555.4921919835,540308.2581093524,2.25,23286,2025-05-09,0.0561568831251113,0.4968508780290775,False,361664.0246525599,375870.1963632352,0.6860813320289046,success,
23286,2025-05-12,24354.75,303791.4364435766,112766.50109434738,419555.4921919835,540308.2581093524,1.86,23286,2025-05-12,0.0566381182958491,0.4968508780290775,False,361664.0246525599,377947.47294610617,0.7775603190411955,success,
23286,2025-05-13,24634.11,303791.4364435766,112766.50109434738,419555.4921919835,540308.2581093524,1.77,23286,2025-05-13,0.0566625245133533,0.4968508780290775,False,361664.0246525599,378580.44539047836,0.8067574799192567,success,
23286,2025-05-14,24684.9,303791.4364435766,112766.50109434738,419555.4921919835,540308.2581093524,1.72,23286,2025-05-14,0.0566580282507491,0.4968508780290775,False,361664.0246525599,378814.16891839774,0.8177145343519828,success,
23286,2025-05-15,24837.28,303791.4364435766,112766.50109434738,419555.4921919835,540308.2581093524,1.8,23286,2025-05-15,0.0565581136700441,0.4968508780290775,False,361664.0246525599,378716.55388693354,0.8146023831755821,success,
23286,2025-05-16,24811.88,303791.4364435766,112766.50109434738,419555.4921919835,540308.2581093524,1.9,23286,2025-05-16,0.0563138292971706,0.4968508780290775,False,361664.0246525599,378358.706152012,0.8013490133632039,success,
23286,2025-05-19,24481.73,303791.4364435766,112766.50109434738,419555.4921919835,540308.2581093524,1.8,23286,2025-05-19,0.0562660601940576,0.4968508780290775,False,361664.0246525599,378336.49980765034,0.8009862147968528,success,
23286,2025-05-20,24176.98,303791.4364435766,112766.50109434738,419555.4921919835,540308.2581093524,1.76,23286,2025-05-20,0.0560680653937915,0.4968508780290775,False,361664.0246525599,378145.55518122006,0.7948110146626339,success,
23286,2025-05-21,24075.4,303791.4364435766,112766.50109434738,419555.4921919835,540308.2581093524,1.7,23286,2025-05-21,0.0560639734485239,0.4968508780290775,False,361664.0246525599,378239.6801941446,0.7993082605253352,success,
23286,2025-05-22,23770.64,303791.4364435766,112766.50109434738,419555.4921919835,540308.2581093524,1.63,23286,2025-05-22,0.0560528694088849,0.4968508780290775,False,361664.0246525599,378135.4917954575,0.7945517079728226,success,
23286,2025-05-23,23440.500000000004,303791.4364435766,112766.50109434738,419555.4921919835,540308.2581093524,1.55,23286,2025-05-23,0.0556566803292182,0.4968508780290775,False,361664.0246525599,378072.3489521724,0.7972071675016885,success,
23286,2025-05-26,23288.120000000003,303791.4364435766,112766.50109434738,419555.4921919835,540308.2581093524,1.63,23286,2025-05-26,0.055316690927204,0.4968508780290775,False,361664.0246525599,377647.75006126193,0.7817931642309772,success,
23286,2025-05-27,23161.14,303791.4364435766,112766.50109434738,419555.4921919835,540308.2581093524,1.63,23286,2025-05-27,0.0552613742063164,0.4968508780290775,False,361664.0246525599,377506.1408977758,0.7757889534912478,success,
23286,2025-05-28,23440.500000000004,303791.4364435766,112766.50109434738,419555.4921919835,540308.2581093524,1.7,23286,2025-05-28,0.0552110040479647,0.4968508780290775,False,361664.0246525599,377588.07135099516,0.7804272289897806,success,
23286,2025-05-29,24176.98,303791.4364435766,112766.50109434738,419555.4921919835,540308.2581093524,1.75,23286,2025-05-29,0.0552031172805466,0.4968508780290775,False,361664.0246525599,378257.93361397757,0.8126471295743158,success,
23286,2025-05-30,24176.98,303791.4364435766,112766.50109434738,419555.4921919835,540308.2581093524,1.72,23286,2025-05-30,0.0551476681866679,0.4968508780290775,False,361664.0246525599,378368.0373520888,0.8187416628394635,success,
23286,2025-06-02,23719.85,303791.4364435766,112766.50109434738,419555.4921919835,540308.2581093524,1.71,23286,2025-06-02,0.0549289626177421,0.498328650940595,False,361668.4543576284,377904.22468082275,0.7994483664618618,success,
23286,2025-06-03,23618.27,303791.4364435766,112766.50109434738,419555.4921919835,540308.2581093524,1.7,23286,2025-06-03,0.0548945900118402,0.498328650940595,False,361668.4543576284,377825.9200212481,0.79617390841652,success,
23286,2025-06-04,23643.66,303791.4364435766,112766.50109434738,419555.4921919835,540308.2581093524,1.92,23286,2025-06-04,0.0549082209116599,0.498328650940595,False,361668.4543576284,377083.03406993195,0.760131940308346,success,
23286,2025-06-05,23592.87,303791.4364435766,112766.50109434738,419555.4921919835,540308.2581093524,1.83,23286,2025-06-05,0.0548942585335215,0.498328650940595,False,361668.4543576284,377341.1585321971,0.7727909794985497,success,
23286,2025-06-06,23897.62,303791.4364435766,112766.50109434738,419555.4921919835,540308.2581093524,1.85,23286,2025-06-06,0.0547646881173723,0.498328650940595,False,361668.4543576284,377631.5432033539,0.7886659830348652,success,
23286,2025-06-09,23872.23,303791.4364435766,112766.50109434738,419555.4921919835,540308.2581093524,1.8,23286,2025-06-09,0.054740375426799,0.498328650940595,False,361668.4543576284,377779.91028513614,0.7961921628442259,success,
23286,2025-06-10,24430.94,303791.4364435766,112766.50109434738,419555.4921919835,540308.2581093524,1.82,23286,2025-06-10,0.0546804584097988,0.498328650940595,False,361668.4543576284,378350.8180644528,0.8246809997702302,success,
23286,2025-06-11,24837.28,303791.4364435766,112766.50109434738,419555.4921919835,540308.2581093524,1.79,23286,2025-06-11,0.0544787981730276,0.498328650940595,False,361668.4543576284,378932.2073300221,0.8559182277853115,success,
23286,2025-06-12,24710.3,303791.4364435766,112766.50109434738,419555.4921919835,540308.2581093524,1.94,23286,2025-06-12,0.0543556524145053,0.498328650940595,False,361668.4543576284,378273.1180853552,0.8258303805020331,success,
23286,2025-06-13,25446.78,303791.4364435766,112766.50109434738,419555.4921919835,540308.2581093524,1.85,23286,2025-06-13,0.0544618713810105,0.498328650940595,False,361668.4543576284,379407.4921274861,0.8792001298912451,success,
23286,2025-06-16,26056.28,303791.4364435766,112766.50109434738,419555.4921919835,540308.2581093524,1.9,23286,2025-06-16,0.0543968882677968,0.498328650940595,False,361668.4543576284,379916.5741568544,0.9049004138666215,success,
23286,2025-06-17,25345.19,303791.4364435766,112766.50109434738,419555.4921919835,540308.2581093524,1.85,23286,2025-06-17,0.0543979480654154,0.498328650940595,False,361668.4543576284,379298.7600753972,0.8749642437327437,success,
23286,2025-06-18,24354.75,303791.4364435766,112766.50109434738,419555.4921919835,540308.2581093524,1.69,23286,2025-06-18,0.0543201024594053,0.498328650940595,False,361668.4543576284,378751.1509008256,0.8496205491686589,success,
23286,2025-06-19,23567.48,303791.4364435766,112766.50109434738,419555.4921919835,540308.2581093524,1.67,23286,2025-06-19,0.0543630844492152,0.498328650940595,False,361668.4543576284,377921.0106870376,0.8085870692117023,success,
23286,2025-06-20,23846.83,303791.4364435766,112766.50109434738,419555.4921919835,540308.2581093524,1.7,23286,2025-06-20,0.0543302292026464,0.498328650940595,False,361668.4543576284,378137.83076276915,0.8196328497071805,success,
23286,2025-06-23,24329.36,303791.4364435766,112766.50109434738,419555.4921919835,540308.2581093524,1.7,23286,2025-06-23,0.0542298342128165,0.498328650940595,False,361668.4543576284,378694.89716150524,0.8482957885901725,success,
23286,2025-06-24,24913.46,303791.4364435766,112766.50109434738,419555.4921919835,540308.2581093524,1.7,23286,2025-06-24,0.05418187021557,0.498328650940595,False,361668.4543576284,379358.11632025236,0.8813416089450837,success,
23286,2025-06-25,25116.63,303791.4364435766,112766.50109434738,419555.4921919835,540308.2581093524,1.76,23286,2025-06-25,0.0540395275276335,0.498328650940595,False,361668.4543576284,379386.813211099,0.8850628773245399,success,
23286,2025-06-26,25243.61,303791.4364435766,112766.50109434738,419555.4921919835,540308.2581093524,1.7,23286,2025-06-26,0.0539556962875297,0.498328650940595,False,361668.4543576284,379746.42392599775,0.903997309879316,success,
23286,2025-06-27,24608.71,303791.4364435766,112766.50109434738,419555.4921919835,540308.2581093524,1.66,23286,2025-06-27,0.0539355779163813,0.498328650940595,False,361668.4543576284,379175.5536635053,0.8764415201127527,success,
23286,2025-06-30,23999.21,303791.4364435766,112766.50109434738,419555.4921919835,540308.2581093524,1.61,23286,2025-06-30,0.0539185146751633,0.498328650940595,False,361668.4543576284,378663.0488765112,0.8516339257885525,success,
23286,2025-07-02,24202.38,303791.4364435766,112766.50109434738,419555.4921919835,540308.2581093524,1.75,23286,2025-07-02,0.0538896664646967,0.4932668242923207,False,361653.28125560086,378389.4888266023,0.8394576465005384,success,
23286,2025-07-03,24176.98,303791.4364435766,112766.50109434738,419555.4921919835,540308.2581093524,1.6800000000000002,23286,2025-07-03,0.0538532226772611,0.4932668242923207,False,361653.28125560086,378609.56798774947,0.8508226979227008,success,
23286,2025-07-04,24075.4,303791.4364435766,112766.50109434738,419555.4921919835,540308.2581093524,1.75,23286,2025-07-04,0.0537815242122903,0.4932668242923207,False,361653.28125560086,378254.7659077734,0.83452425096612,success,
23286,2025-07-07,24811.88,303791.4364435766,112766.50109434738,419555.4921919835,540308.2581093524,1.8,23286,2025-07-07,0.0537656314967014,0.4932668242923207,False,361653.28125560086,378911.4224290409,0.8670315272688348,success,
23286,2025-07-08,25065.84,303791.4364435766,112766.50109434738,419555.4921919835,540308.2581093524,1.75,23286,2025-07-08,0.0537175038344714,0.4932668242923207,False,361653.28125560086,379375.5987391467,0.8905993457302581,success,
23286,2025-07-09,24913.46,303791.4364435766,112766.50109434738,419555.4921919835,540308.2581093524,1.8,23286,2025-07-09,0.0536051187918579,0.4932668242923207,False,361653.28125560086,379038.11073152995,0.875863925622625,success,
23286,2025-07-10,26564.2,303791.4364435766,112766.50109434738,419555.4921919835,540308.2581093524,1.8,23286,2025-07-10,0.0538391096925908,0.4932668242923207,False,361653.28125560086,380855.4438568868,0.9608985867241627,success,
23286,2025-07-11,25751.53,303791.4364435766,112766.50109434738,419555.4921919835,540308.2581093524,1.77,23286,2025-07-11,0.0538283457770323,0.4932668242923207,False,361653.28125560086,380061.9052429275,0.9223426988370896,success,
23286,2025-07-14,25954.7,303791.4364435766,112766.50109434738,419555.4921919835,540308.2581093524,1.85,23286,2025-07-14,0.0537746338970296,0.4932668242923207,False,361653.28125560086,380010.40234600875,0.9207437984041047,success,
23286,2025-07-15,25497.57,303791.4364435766,112766.50109434738,419555.4921919835,540308.2581093524,1.87,23286,2025-07-15,0.053771635145488,0.4932668242923207,False,361653.28125560086,379432.2612183872,0.892480202474085,success,
23286,2025-07-16,25091.24,303791.4364435766,112766.50109434738,419555.4921919835,540308.2581093524,1.95,23286,2025-07-16,0.0537876692520772,0.4932668242923207,False,361653.28125560086,378696.63068965665,0.8561343556376254,success,
23286,2025-07-17,24989.65,303791.4364435766,112766.50109434738,419555.4921919835,540308.2581093524,1.92,23286,2025-07-17,0.0536813247512604,0.4932668242923207,False,361653.28125560086,378696.3949093741,0.8578187881842888,success,
23286,2025-07-18,25065.84,303791.4364435766,112766.50109434738,419555.4921919835,540308.2581093524,1.9,23286,2025-07-18,0.0535352549016787,0.4932668242923207,False,361653.28125560086,378863.1687775914,0.8683836746925345,success,
23286,2025-07-21,25599.15,303791.4364435766,112766.50109434738,419555.4921919835,540308.2581093524,1.85,23286,2025-07-21,0.0535207072836122,0.4932668242923207,False,361653.28125560086,379634.34000816906,0.9066128327891091,success,
23286,2025-07-22,26208.66,303791.4364435766,112766.50109434738,419555.4921919835,540308.2581093524,1.85,23286,2025-07-22,0.0535106046250075,0.4932668242923207,False,361653.28125560086,380310.4573252978,0.9400369554556414,success,
23286,2025-07-23,26665.79,303791.4364435766,112766.50109434738,419555.4921919835,540308.2581093524,1.85,23286,2025-07-23,0.0534335502902946,0.4932668242923207,False,361653.28125560086,380819.4984277575,0.9664253809043558,success,
23286,2025-07-24,27021.33,303791.4364435766,112766.50109434738,419555.4921919835,540308.2581093524,1.85,23286,2025-07-24,0.0533967927522062,0.4932668242923207,False,361653.28125560086,381212.06748881104,0.986386239270712,success,
23286,2025-07-25,27376.87,303791.4364435766,112766.50109434738,419555.4921919835,540308.2581093524,1.85,23286,2025-07-25,0.0532727218469354,0.4932668242923207,False,361653.28125560086,381608.79409104056,1.0082086383063307,success,
23286,2025-07-28,27173.71,303791.4364435766,112766.50109434738,419555.4921919835,540308.2581093524,1.85,23286,2025-07-28,0.0532272653177856,0.4932668242923207,False,361653.28125560086,381389.87857388635,0.9982889157777223,success,
23286,2025-07-29,27122.91,303791.4364435766,112766.50109434738,419555.4921919835,540308.2581093524,1.81,23286,2025-07-29,0.0531464049291756,0.4932668242923207,False,361653.28125560086,381480.3097699604,1.004268690133078,success,
23286,2025-07-30,26564.2,303791.4364435766,112766.50109434738,419555.4921919835,540308.2581093524,1.84,23286,2025-07-30,0.0531152206119434,0.4932668242923207,False,361653.28125560086,380764.64489797415,0.9695053030887952,success,
23286,2025-07-31,25065.84,303791.4364435766,112766.50109434738,419555.4921919835,540308.2581093524,1.91,23286,2025-07-31,0.053472961865999,0.4932668242923207,False,361653.28125560086,378832.8991605771,0.8679010972538062,success,
23286,2025-08-01,25243.61,303791.4364435766,112766.50109434738,419555.4921919835,540308.2581093524,1.94,23286,2025-08-01,0.0534300351446383,0.4945707615989967,False,361657.1898789431,378933.20417601627,0.8733509772270207,success,
23286,2025-08-04,25370.59,303791.4364435766,112766.50109434738,419555.4921919835,540308.2581093524,1.82,23286,2025-08-04,0.0533901385340938,0.4945707615989967,False,361657.1898789431,379498.9489586851,0.9019465906671217,success,
23286,2025-08-05,25446.78,303791.4364435766,112766.50109434738,419555.4921919835,540308.2581093524,1.82,23286,2025-08-05,0.0533373969470183,0.4945707615989967,False,361657.1898789431,379587.7149549525,0.9072232989608656,success,
23286,2025-08-06,25319.8,303791.4364435766,112766.50109434738,419555.4921919835,540308.2581093524,1.8,23286,2025-08-06,0.0532251331208817,0.4945707615989967,False,361657.1898789431,379525.0640908273,0.9060356075945506,success,
23286,2025-08-07,25649.95,303791.4364435766,112766.50109434738,419555.4921919835,540308.2581093524,1.85,23286,2025-08-07,0.0531561784911925,0.4945707615989967,False,361657.1898789431,379721.37998834974,0.9169394932663024,success,
23286,2025-08-08,25522.97,303791.4364435766,112766.50109434738,419555.4921919835,540308.2581093524,1.85,23286,2025-08-08,0.0530969366888364,0.4945707615989967,False,361657.1898789431,379584.8293898919,0.9111886742342954,success,
23286,2025-08-11,25599.15,303791.4364435766,112766.50109434738,419555.4921919835,540308.2581093524,1.83,23286,2025-08-11,0.0530252117666972,0.4945707615989967,False,361657.1898789431,379744.8627254365,0.9203704775765755,success,
23286,2025-08-12,26589.6,303791.4364435766,112766.50109434738,419555.4921919835,540308.2581093524,1.86,23286,2025-08-12,0.0530547497965723,0.4945707615989967,False,361657.1898789431,380730.11533842224,0.9686972752477364,success,
23286,2025-08-13,27148.31,303791.4364435766,112766.50109434738,419555.4921919835,540308.2581093524,1.92,23286,2025-08-13,0.052970454323416,0.4945707615989967,False,361657.1898789431,381136.37499392196,0.990372416185883,success,
23286,2025-08-14,27656.23,303791.4364435766,112766.50109434738,419555.4921919835,540308.2581093524,1.99,23286,2025-08-14,0.0528985702062478,0.4945707615989967,False,361657.1898789431,381447.8967487345,1.0071631920813113,success,
23286,2025-08-15,28037.17,303791.4364435766,112766.50109434738,419555.4921919835,540308.2581093524,1.97,23286,2025-08-15,0.052798101307722,0.4945707615989967,False,361657.1898789431,381937.2319218568,1.0333611540947585,success,
23286,2025-08-18,27707.02,303791.4364435766,112766.50109434738,419555.4921919835,540308.2581093524,2.01,23286,2025-08-18,0.052764606955394,0.4945707615989967,False,361657.1898789431,381440.90397727705,1.00937282679981,success,
23286,2025-08-19,27376.87,303791.4364435766,112766.50109434738,419555.4921919835,540308.2581093524,2.1,23286,2025-08-19,0.0527609974188683,0.4945707615989967,False,361657.1898789431,380766.39865590335,0.9758967581286268,success,
23286,2025-08-20,27046.73,303791.4364435766,112766.50109434738,419555.4921919835,540308.2581093524,2.16,23286,2025-08-20,0.0527564427116392,0.4945707615989967,False,361657.1898789431,380196.55659916013,0.9475923084637156,success,
23286,2025-08-21,27529.25,303791.4364435766,112766.50109434738,419555.4921919835,540308.2581093524,2.26,23286,2025-08-21,0.0527013843012166,0.4945707615989967,False,361657.1898789431,380374.47125877277,0.9574595614377039,success,
23286,2025-08-22,27173.71,303215.33845444146,131735.00486963318,436947.8691728547,567688.0500928201,2.16,23286,2025-08-22,0.0680851705894411,0.4945707615989967,False,370070.7587696029,387127.3969678318,0.6618122908031911,success,
23286,2025-08-25,27478.460000000003,303215.33845444146,131735.00486963318,436947.8691728547,567688.0500928201,2.25,23286,2025-08-25,0.0680848678354796,0.4945707615989967,False,370070.7587696029,387168.1767209262,0.6633623295132091,success,
23286,2025-08-26,25751.53,303215.33845444146,131735.00486963318,436947.8691728547,567688.0500928201,2.2,23286,2025-08-26,0.0681964230396872,0.4945707615989967,False,370070.7587696029,385272.5926399645,0.5903079298799332,success,
23286,2025-08-27,25319.8,303215.33845444146,131735.00486963318,436947.8691728547,567688.0500928201,2.44,23286,2025-08-27,0.0683470090516918,0.4945707615989967,False,370070.7587696029,383882.902599314,0.5361366674625573,success,
23286,2025-08-28,24253.17,303215.33845444146,131735.00486963318,436947.8691728547,567688.0500928201,2.39,23286,2025-08-28,0.0683791790331898,0.4945707615989967,False,370070.7587696029,382748.8650349755,0.49261840295317316,success,
23286,2025-08-29,24786.480000000003,303215.33845444146,131735.00486963318,436947.8691728547,567688.0500928201,2.4,23286,2025-08-29,0.0637912180982432,0.4945707615989967,False,370070.7587696029,383914.7058994323,0.5757247107775502,success,
23286,2025-09-01,24761.09,303215.33845444146,131735.00486963318,436947.8691728547,567688.0500928201,2.45,23286,2025-09-01,0.063687543266016,0.4966829193371812,False,370074.97785928164,383722.9841662302,0.5686397531970281,success,
23286,2025-09-02,24075.4,303215.33845444146,131735.00486963318,436947.8691728547,567688.0500928201,2.4,23286,2025-09-02,0.0636606121720412,0.4966829193371812,False,370074.97785928164,383080.50461369066,0.5425573640633669,success,
23286,2025-09-03,23694.46,303215.33845444146,131735.00486963318,436947.8691728547,567688.0500928201,2.51,23286,2025-09-03,0.0636835649689302,0.4966829193371812,False,370074.97785928164,382228.00579143444,0.5073785739175627,success,
23286,2025-09-04,23389.7,303215.33845444146,131735.00486963318,436947.8691728547,567688.0500928201,2.5,23286,2025-09-04,0.0636304915593424,0.4966829193371812,False,370074.97785928164,381899.36919271905,0.49428369523931553,success,
23286,2025-09-05,23770.64,303215.33845444146,131735.00486963318,436947.8691728547,567688.0500928201,2.5,23286,2025-09-05,0.0635174731294361,0.4966829193371812,False,370074.97785928164,382375.42560357874,0.5147762645524793,success,
23286,2025-09-08,23872.23,303215.33845444146,131735.00486963318,436947.8691728547,567688.0500928201,2.5,23286,2025-09-08,0.0634195226029441,0.4878474352047035,False,370057.3287513405,382492.928379095,0.5211680510073988,success,
23286,2025-09-09,24405.540000000005,303215.33845444146,131735.00486963318,436947.8691728547,567688.0500928201,2.5,23286,2025-09-09,0.063320665070038,0.4878474352047035,False,370057.3287513405,383145.53717503854,0.5489041117984209,success,
23286,2025-09-10,24989.65,303215.33845444146,131735.00486963318,436947.8691728547,567688.0500928201,2.54,23286,2025-09-10,0.0632966515206464,0.4878474352047035,False,370057.3287513405,383702.86191292503,0.5720763875092247,success,
23286,2025-09-11,24761.09,303215.33845444146,131735.00486963318,436947.8691728547,567688.0500928201,2.5,23286,2025-09-11,0.063137197701768,0.4878474352047035,False,370057.3287513405,383590.4692303833,0.5688811383396317,success,
23286,2025-09-12,25091.24,303215.33845444146,131735.00486963318,436947.8691728547,567688.0500928201,2.5,23286,2025-09-12,0.062997664399515,0.4878474352047035,False,370057.3287513405,383997.5060031085,0.5869760717073254,success,
23286,2025-09-15,25091.24,303215.33845444146,131735.00486963318,436947.8691728547,567688.0500928201,2.55,23286,2025-09-15,0.0629082173064966,0.4878474352047035,False,370057.3287513405,383830.0584111091,0.5808774078688829,success,
23286,2025-09-16,24989.65,303215.33845444146,131735.00486963318,436947.8691728547,567688.0500928201,2.52,23286,2025-09-16,0.0628310310671974,0.4878474352047035,False,370057.3287513405,383824.4600716568,0.5813588606135919,success,
23286,2025-09-17,25522.97,303215.33845444146,131735.00486963318,436947.8691728547,567688.0500928201,2.51,23286,2025-09-17,0.0628165043561083,0.4878474352047035,False,370057.3287513405,384490.5284165201,0.6090950033001666,success,
23286,2025-09-18,25040.44,303215.33845444146,131735.00486963318,436947.8691728547,567688.0500928201,2.55,23286,2025-09-18,0.062779038775717,0.4878474352047035,False,370057.3287513405,383783.9184070443,0.580157744163679,success,
23286,2025-09-19,24761.09,303215.33845444146,131735.00486963318,436947.8691728547,567688.0500928201,2.51,23286,2025-09-19,0.0627256190029393,0.4878474352047035,False,370057.3287513405,383600.4310616401,0.5730279126742531,success,
23286,2025-09-22,24862.67,303215.33845444146,131735.00486963318,436947.8691728547,567688.0500928201,2.6,23286,2025-09-22,0.0626761230384941,0.4878474352047035,False,370057.3287513405,383407.616707182,0.5654587218367328,success,
23286,2025-09-23,24075.4,303215.33845444146,131735.00486963318,436947.8691728547,567688.0500928201,2.6,23286,2025-09-23,0.0625470217158964,0.4878474352047035,False,370057.3287513405,382484.41667351633,0.5280823067285505,success,
23286,2025-09-24,24202.38,303215.33845444146,131735.00486963318,436947.8691728547,567688.0500928201,2.6,23286,2025-09-24,0.0624337014724548,0.4878474352047035,False,370057.3287513405,382649.0574795599,0.5359338484963964,success,
23286,2025-09-25,23821.44,303215.33845444146,131735.00486963318,436947.8691728547,567688.0500928201,2.6,23286,2025-09-25,0.0624037651264299,0.4878474352047035,False,370057.3287513405,382196.2718442308,0.5172178477224533,success,
23286,2025-09-26,23669.06,303215.33845444146,131735.00486963318,436947.8691728547,567688.0500928201,2.6,23286,2025-09-26,0.0623471768634942,0.4878474352047035,False,370057.3287513405,382019.6338055588,0.5102727994417424,success,
23286,2025-09-29,23745.248186,303215.33845444146,131735.00486963318,436947.8691728547,567688.0500928201,2.65,23286,2025-09-29,0.0623068024004857,0.4878474352047035,False,370057.3287513405,381939.1573838803,0.507222079007088,success,
23286,2025-09-30,24126.187012,303215.33845444146,131735.00486963318,436947.8691728547,567688.0500928201,2.6,23286,2025-09-30,0.0611728906753924,0.4878474352047035,False,370057.3287513405,382698.1650022051,0.5490775565693434,success,
23286,2025-10-02,23694.45505,303215.33845444146,131735.00486963318,436947.8691728547,567688.0500928201,2.62,23286,2025-10-02,0.0599151520840318,0.4878474352047035,False,370057.3287513405,382252.34773032763,0.5411494309335496,success,
23286,2025-10-03,23034.158825,303215.33845444146,131735.00486963318,436947.8691728547,567688.0500928201,2.65,23286,2025-10-03,0.0599559645556643,0.4878474352047035,False,370057.3287513405,381354.7504671372,0.5015699359136913,success,
23286,2025-10-06,22881.784263,303215.33845444146,131735.00486963318,436947.8691728547,567688.0500928201,2.65,23286,2025-10-06,0.0586917414277768,0.4878474352047035,False,370057.3287513405,381314.52353392175,0.5105764239039249,success,
23286,2025-10-08,22424.655734,303215.33845444146,131735.00486963318,436947.8691728547,567688.0500928201,2.7,23286,2025-10-08,0.0581507807410976,0.4878474352047035,False,370057.3287513405,380652.28631058574,0.4854343742275399,success,
23286,2025-10-09,22830.991128,303215.33845444146,131735.00486963318,436947.8691728547,567688.0500928201,2.65,23286,2025-10-09,0.0581377999882472,0.4878474352047035,False,370057.3287513405,381315.1519043007,0.5154695802265362,success,
23286,2025-10-10,23338.91037,303215.33845444146,131735.00486963318,436947.8691728547,567688.0500928201,2.73,23286,2025-10-10,0.0581419636394661,0.4878474352047035,False,370057.3287513405,381632.62536436325,0.5297464004015565,success,
23286,2025-10-13,22577.032718,303215.33845444146,131735.00486963318,436947.8691728547,567688.0500928201,2.7,23286,2025-10-13,0.0567534279479048,0.4878474352047035,False,370057.3287513405,380987.0074339157,0.5128736389551763,success,
23286,2025-10-14,22272.281172,303215.33845444146,131735.00486963318,436947.8691728547,567688.0500928201,2.7,23286,2025-10-14,0.0566288617983181,0.4878474352047035,False,370057.3287513405,380639.2877481171,0.49787755315719623,success,
23286,2025-10-15,22602.426863,303215.33845444146,131735.00486963318,436947.8691728547,567688.0500928201,2.7,23286,2025-10-15,0.0565132852439509,0.4878474352047035,False,370057.3287513405,381042.6485525963,0.5176370651067059,success,
23286,2025-10-16,22272.281172,303215.33845444146,131735.00486963318,436947.8691728547,567688.0500928201,2.7,23286,2025-10-16,0.0562880652029626,0.4878474352047035,False,370057.3287513405,380676.27614072815,0.5026182499323165,success,
23286,2025-10-17,21662.77566,303215.33845444146,131735.00486963318,436947.8691728547,567688.0500928201,2.7,23286,2025-10-17,0.0563095815288386,0.4878474352047035,False,370057.3287513405,379948.03723644203,0.46842051267718,success,
23286,2025-10-20,22450.052302,303215.33845444146,131735.00486963318,436947.8691728547,567688.0500928201,2.71,23286,2025-10-20,0.0562313753980068,0.4878474352047035,False,370057.3287513405,380857.25812075293,0.5115777075559726,success,
23286,2025-10-21,22678.616566,303215.33845444146,131735.00486963318,436947.8691728547,567688.0500928201,2.77,23286,2025-10-21,0.0559552612190463,0.4878474352047035,False,370057.3287513405,380942.9844961396,0.5181243032021526,success,
23286,2025-10-22,22805.59456,303215.33845444146,131735.00486963318,436947.8691728547,567688.0500928201,2.63,23286,2025-10-22,0.0559524369259342,0.4878474352047035,False,370057.3287513405,381588.75293110224,0.5484216804052667,success,
23286,2025-10-23,22373.865021,303215.33845444146,131735.00486963318,436947.8691728547,567688.0500928201,2.7,23286,2025-10-23,0.0559741549672268,0.4878474352047035,False,370057.3287513405,380830.08353333664,0.5126538217837389,success,
23286,2025-10-24,22500.843015,303215.33845444146,131735.00486963318,436947.8691728547,567688.0500928201,2.7,23286,2025-10-24,0.0559675922934924,0.4878474352047035,False,370057.3287513405,380980.5704795826,0.5197729670078337,success,
23286,2025-10-27,22399.259166,303215.33845444146,131735.00486963318,436947.8691728547,567688.0500928201,2.72,23286,2025-10-27,0.0559461116405269,0.4878474352047035,False,370057.3287513405,380792.1605834324,0.5111307820419676,success,
23286,2025-10-28,22145.300756,303215.33845444146,131735.00486963318,436947.8691728547,567688.0500928201,2.7,23286,2025-10-28,0.0559392684201709,0.4878474352047035,False,370057.3287513405,380563.4684527942,0.5004539877282561,success,
23286,2025-10-30,21180.252985,303215.33845444146,131735.00486963318,436947.8691728547,567688.0500928201,2.75,23286,2025-10-30,0.0560400712535168,0.4878474352047035,False,370057.3287513405,379222.5149112042,0.4365663110296901,success,
23286,2025-10-31,21078.669137,303215.33845444146,131735.00486963318,436947.8691728547,567688.0500928201,2.75,23286,2025-10-31,0.0557272252190831,0.4878474352047035,False,370057.3287513405,379136.278115596,0.43493601221985034,success,
23286,2025-11-03,21002.481856,303215.33845444146,131735.00486963318,436947.8691728547,567688.0500928201,2.7,23286,2025-11-03,0.0557353947109781,0.4878474352047035,False,370057.3287513405,379220.44097271713,0.43885466975740617,success,
23286,2025-11-04,21256.440266,303215.33845444146,131735.00486963318,436947.8691728547,567688.0500928201,2.7,23286,2025-11-04,0.055760797996115,0.4878474352047035,False,370057.3287513405,379523.1254408939,0.4529633054557568,success,
23286,2025-11-05,20977.085288,303215.33845444146,131735.00486963318,436947.8691728547,567688.0500928201,2.63,23286,2025-11-05,0.0557574786488189,0.4878474352047035,False,370057.3287513405,379435.03678969975,0.4488270547211291,success,
23286,2025-11-06,20951.688721,303215.33845444146,131735.00486963318,436947.8691728547,567688.0500928201,2.65,23286,2025-11-06,0.0556813448871621,0.4878474352047035,False,370057.3287513405,379342.4370636516,0.44505729634173286,success,
23286,2025-11-07,20951.688721,303215.33845444146,131735.00486963318,436947.8691728547,567688.0500928201,2.65,23286,2025-11-07,0.0556965811597513,0.4878474352047035,False,370057.3287513405,379340.6626627638,0.44485156386751534,success,
23286,2025-11-10,22577.032718,303215.33845444146,131735.00486963318,436947.8691728547,567688.0500928201,2.61,23286,2025-11-10,0.0561158774018589,0.4878474352047035,False,370057.3287513405,381373.881385379,0.5367870041531648,success,
23286,2025-11-11,22602.426863,303215.33845444146,131735.00486963318,436947.8691728547,567688.0500928201,2.65,23286,2025-11-11,0.056080267006479,0.4878474352047035,False,370057.3287513405,381265.66657382966,0.5320674296978994,success,
23286,2025-11-12,22704.010712,303215.33845444146,131735.00486963318,436947.8691728547,567688.0500928201,2.69,23286,2025-11-12,0.0559382467510673,0.4878474352047035,False,370057.3287513405,381258.1387932038,0.5330653152871523,success,
23286,2025-11-13,23389.703505,303215.33845444146,131735.00486963318,436947.8691728547,567688.0500928201,2.64,23286,2025-11-13,0.0558930903604996,0.4878474352047035,False,370057.3287513405,382241.5266062445,0.5795840057454185,success,
23286,2025-11-14,23237.326521,303215.33845444146,131735.00486963318,436947.8691728547,567688.0500928201,2.65,23286,2025-11-14,0.0558555738100337,0.4878474352047035,False,370057.3287513405,382032.385515135,0.5701749255982662,success,
23286,2025-11-17,23465.890786,303215.33845444146,131735.00486963318,436947.8691728547,567688.0500928201,2.7,23286,2025-11-17,0.0557545164934157,0.4878474352047035,False,370057.3287513405,382130.6936661937,0.5758231964284354,success,
23286,2025-11-18,22653.219998,303215.33845444146,131735.00486963318,436947.8691728547,567688.0500928201,2.65,23286,2025-11-18,0.0557680109047102,0.4878474352047035,False,370057.3287513405,381358.01835720846,0.5393894803784548,success,
23286,2025-11-19,22577.032718,303215.33845444146,131735.00486963318,436947.8691728547,567688.0500928201,2.55,23286,2025-11-19,0.0557711873905594,0.4878474352047035,False,370057.3287513405,381623.0433159702,0.5518151761139773,success,
23286,2025-11-20,23211.932376,303215.33845444146,131735.00486963318,436947.8691728547,567688.0500928201,2.57,23286,2025-11-20,0.0558137988663252,0.4878474352047035,False,370057.3287513405,382291.0482758427,0.5827284549334593,success,
23286,2025-11-21,23288.119657,303215.33845444146,131735.00486963318,436947.8691728547,567688.0500928201,2.55,23286,2025-11-21,0.0558154532998522,0.4878474352047035,False,370057.3287513405,382450.6978912231,0.5901916476946187,success,
23286,2025-11-24,22932.574976,303215.33845444146,131735.00486963318,436947.8691728547,567688.0500928201,2.55,23286,2025-11-24,0.0557709401740389,0.4878474352047035,False,370057.3287513405,382040.18458583154,0.5714062201258139,success,
23286,2025-11-25,22932.574976,303215.33845444146,131735.00486963318,436947.8691728547,567688.0500928201,2.6,23286,2025-11-25,0.0557654807005539,0.4878474352047035,False,370057.3287513405,381863.1807788186,0.5631520135377522,success,
23286,2025-11-26,22602.426863,303215.33845444146,131735.00486963318,436947.8691728547,567688.0500928201,2.65,23286,2025-11-26,0.0557682600706523,0.4878474352047035,False,370057.3287513405,381298.3112188193,0.5365794378302381,success,
23286,2025-11-27,22627.823431,303215.33845444146,131735.00486963318,436947.8691728547,567688.0500928201,2.55,23286,2025-11-27,0.0557306623037443,0.4878474352047035,False,370057.3287513405,381686.988113652,0.5552227872867384,success,
23286,2025-11-28,22551.63615,303215.33845444146,131735.00486963318,436947.8691728547,567688.0500928201,2.6,23286,2025-11-28,0.0557030194722811,0.4878474352047035,False,370057.3287513405,381422.8065136479,0.543068442161459,success,
23286,2025-12-01,22881.784263,303215.33845444146,131735.00486963318,436947.8691728547,567688.0500928201,2.52,23286,2025-12-01,0.0557454635110328,0.4878474352047035,False,370057.3287513405,382089.9146951487,0.5740022859261745,success,
23286,2025-12-02,22983.368111,303215.33845444146,131735.00486963318,436947.8691728547,567688.0500928201,2.5,23286,2025-12-02,0.0557270102504216,0.4878474352047035,False,370057.3287513405,382281.7223201643,0.5831982269250414,success,
23286,2025-12-03,23008.764679,303215.33845444146,131735.00486963318,436947.8691728547,567688.0500928201,2.5,23286,2025-12-03,0.0557241444892469,0.4878474352047035,False,370057.3287513405,382311.699018832,0.5846353676072092,success,
23286,2025-12-04,22754.803847,303215.33845444146,131735.00486963318,436947.8691728547,567688.0500928201,2.55,23286,2025-12-04,0.0556297240876648,0.4878474352047035,False,370057.3287513405,381846.4645488358,0.5637393831329915,success,
23286,2025-12-05,23110.348527,303215.33845444146,131735.00486963318,436947.8691728547,567688.0500928201,2.55,23286,2025-12-05,0.055594966249078,0.4878474352047035,False,370057.3287513405,382265.617799979,0.5838256142814816,success,
23286,2025-12-08,22348.468453,303215.33845444146,131735.00486963318,436947.8691728547,567688.0500928201,2.48,23286,2025-12-08,0.055612991798377,0.4878474352047035,False,370057.3287513405,381619.08205638366,0.5531982098209536,success,
23286,2025-12-09,21358.024114,303215.33845444146,131735.00486963318,436947.8691728547,567688.0500928201,2.5,23286,2025-12-09,0.0557333764679098,0.4878474352047035,False,370057.3287513405,380356.90223244677,0.49256108038895474,success,
23286,2025-12-10,21916.736492,303215.33845444146,131735.00486963318,436947.8691728547,567688.0500928201,2.53,23286,2025-12-10,0.0557452352043509,0.4878474352047035,False,370057.3287513405,380916.1595978355,0.5188131514605311,success,
23286,2025-12-11,21688.172227,303215.33845444146,131735.00486963318,436947.8691728547,567688.0500928201,2.5,23286,2025-12-11,0.0556464341187939,0.4878474352047035,False,370057.3287513405,380761.4615296879,0.5124345894583886,success,
23286,2025-12-12,21891.339924,303215.33845444146,131735.00486963318,436947.8691728547,567688.0500928201,2.46,23286,2025-12-12,0.0553517798430512,0.4878474352047035,False,370057.3287513405,381177.4447108154,0.5348891170651756,success,
23286,2025-12-15,21586.588379,303215.33845444146,131735.00486963318,436947.8691728547,567688.0500928201,2.38,23286,2025-12-15,0.0551735210832714,0.4878474352047035,False,370057.3287513405,381119.00420620054,0.5338382718565396,success,
23286,2025-12-16,21434.211395,303215.33845444146,131735.00486963318,436947.8691728547,567688.0500928201,2.38,23286,2025-12-16,0.0551806451119503,0.4878474352047035,False,370057.3287513405,380936.4901425879,0.5250886869287611,success,
23286,2025-12-17,21307.233401,303215.33845444146,131735.00486963318,436947.8691728547,567688.0500928201,2.5,23286,2025-12-17,0.0551084679017013,0.4878474352047035,False,370057.3287513405,380366.7176551147,0.498614798459056,success,
23286,2025-12-18,21281.836834,303215.33845444146,131735.00486963318,436947.8691728547,567688.0500928201,2.45,23286,2025-12-18,0.0549908068444174,0.4878474352047035,False,370057.3287513405,380527.05786445213,0.507345709332557,success,
23286,2025-12-19,21281.836834,303215.33845444146,131735.00486963318,436947.8691728547,567688.0500928201,2.5,23286,2025-12-19,0.0549437032363624,0.4878474352047035,False,370057.3287513405,380354.8338710473,0.49954139503476697,success,
23286,2025-12-22,21383.420682,303215.33845444146,131735.00486963318,436947.8691728547,567688.0500928201,2.49,23286,2025-12-22,0.0549308187321353,0.4878474352047035,False,370057.3287513405,380513.0344649428,0.5072288616966195,success,
23286,2025-12-23,21129.45985,303215.33845444146,131735.00486963318,436947.8691728547,567688.0500928201,2.45,23286,2025-12-23,0.0549137237283131,0.4878474352047035,False,370057.3287513405,380353.40688139613,0.4997457932219121,success,
23286,2025-12-24,20977.085288,303215.33845444146,131735.00486963318,436947.8691728547,567688.0500928201,2.45,23286,2025-12-24,0.0548826315366838,0.4878474352047035,False,370057.3287513405,380174.19776255474,0.4914419349551303,success,
23286,2025-12-29,21053.272569,303215.33845444146,131735.00486963318,436947.8691728547,567688.0500928201,2.45,23286,2025-12-29,0.0548869424159151,0.4878474352047035,False,370057.3287513405,380265.130770264,0.4957606414330128,success,
23286,2025-12-30,20977.085288,303215.33845444146,131735.00486963318,436947.8691728547,567688.0500928201,2.42,23286,2025-12-30,0.0548879111705412,0.4878474352047035,False,370057.3287513405,380280.10509071406,0.49646931452549664,success,
23286,2025-12-31,21510.401098,303215.33845444146,131735.00486963318,436947.8691728547,567688.0500928201,2.21,23286,2025-12-31,0.0551046108286309,0.4878474352047035,False,370057.3287513405,381640.53313178074,0.5593219181031934,success,
23286,2026-01-02,21281.837312834006,303215.3385,131735.0049,436947.8692,567688.0501,2.26,23286,2026-01-02,0.0551225913917494,0.4878474352047035,False,370057.3287882852,381187.4615397635,0.5375897994940969,success,
23286,2026-01-05,22678.61707672401,303215.3385,131735.0049,436947.8692,567688.0501,2.28,23286,2026-01-05,0.0553300861285337,0.4878474352047035,False,370057.3287882852,382748.33707982424,0.6094289005625211,success,
23286,2026-01-06,22856.38821,303215.3385,131735.0049,436947.8692,567688.0501,2.37,23286,2026-01-06,0.0552842098042245,0.4878474352047035,False,370057.3287882852,382640.67886309145,0.6048460733733884,success,
23286,2026-01-07,22856.38821,303215.3385,131735.0049,436947.8692,567688.0501,2.35,23286,2026-01-07,0.0552216755741114,0.4878474352047035,False,370057.3287882852,382718.221911038,0.6092004403761555,success,
23286,2026-01-08,22881.78477816801,303215.3385,131735.0049,436947.8692,567688.0501,2.3,23286,2026-01-08,0.0552299641974542,0.4878474352047035,False,370057.3287882852,382925.10212243843,0.618893718849573,success,
23286,2026-01-09,22602.427372219983,303215.3385,131735.0049,436947.8692,567688.0501,2.31,23286,2026-01-09,0.0551085353846438,0.4878474352047035,False,370057.3287882852,382575.0408459776,0.6036611697970116,success,
23286,2026-01-12,22145.30125494601,303215.3385,131735.0049,436947.8692,567688.0501,2.33,23286,2026-01-12,0.0551247290320968,0.4878474352047035,False,370057.3287882852,381964.5223651171,0.5745115695435657,success,
23286,2026-01-13,21967.527699719984,303215.3385,131735.0049,436947.8692,567688.0501,2.28,23286,2026-01-13,0.0549756610776095,0.4878474352047035,False,370057.3287882852,381948.37071740156,0.5753001847609814,success,
23286,2026-01-14,22043.71740422401,303215.3385,131735.0049,436947.8692,567688.0501,2.2,23286,2026-01-14,0.0549460824869314,0.4878474352047035,False,370057.3287882852,382326.49868584157,0.5936185869789008,success,
23286,2026-01-15,22602.427372219983,303215.3385,131735.0049,436947.8692,567688.0501,2.27,23286,2026-01-15,0.0549097882540779,0.4878474352047035,False,370057.3287882852,382737.9401391521,0.6135989657134833,success,
23286,2026-01-16,22196.09196933199,303215.3385,131735.0049,436947.8692,567688.0501,2.26,23286,2026-01-16,0.0548802583061426,0.4878474352047035,False,370057.3287882852,382299.4934444142,0.5930434800770762,success,
23286,2026-01-19,22373.865524558023,303215.3385,131735.0049,436947.8692,567688.0501,2.22,23286,2026-01-19,0.0548786415304695,0.4878474352047035,False,370057.3287882852,382651.27859324124,0.6098208233142879,success,
23286,2026-01-20,23618.26830139001,303215.3385,131735.0049,436947.8692,567688.0501,2.25,23286,2026-01-20,0.0550298028752964,0.4878474352047035,False,370057.3287882852,383978.38623885467,0.6710605332178274,success,
23286,2026-01-21,23669.059015775987,303215.3385,131735.0049,436947.8692,567688.0501,2.15,23286,2026-01-21,0.0550414278338279,0.4878474352047035,False,370057.3287882852,384392.80309065833,0.6905165738036388,success,
23286,2026-01-22,24507.126389719982,303215.3385,131735.0049,436947.8692,567688.0501,2.21,23286,2026-01-22,0.0550535104099354,0.4878474352047035,False,370057.3287882852,385139.51155031513,0.7256158545975414,success,
23286,2026-01-23,24608.71024044198,303215.3385,131735.0049,436947.8692,567688.0501,2.15,23286,2026-01-23,0.0550141708129968,0.4878474352047035,False,370057.3287882852,385473.31961836305,0.7418823893643687,success,
23286,2026-01-26,24684.899944946013,303215.3385,131735.0049,436947.8692,567688.0501,2.2,23286,2026-01-26,0.0548440801283738,0.4878474352047035,False,370057.3287882852,385396.54351767525,0.7405512314156774,success,
23286,2026-01-27,24989.65149711201,303215.3385,131735.0049,436947.8692,567688.0501,2.17,23286,2026-01-27,0.0547939614810329,0.4878474352047035,False,370057.3287882852,385854.2414306814,0.7628897024499393,success,
23286,2026-01-28,27249.892781163977,303215.3385,131735.0049,436947.8692,567688.0501,2.15,23286,2026-01-28,0.055395303456177,0.4878474352047035,False,370057.3287882852,388411.10317523574,0.8738355716357157,success,
23286,2026-01-29,28951.42409721998,303215.3385,131735.0049,436947.8692,567688.0501,2.15,23286,2026-01-29,0.0556984525218468,0.4878474352047035,False,370057.3287882852,390263.51688611036,0.9545015446773348,success,
23286,2026-01-30,28418.108275441977,303215.3385,131735.0049,436947.8692,567688.0501,2.12,23286,2026-01-30,0.0556849188631947,0.4878474352047035,False,370057.3287882852,389787.4062066222,0.9328116653260885,success,
23286,2026-02-02,26767.370095722,303215.3385,131735.0049,436947.8692,567688.0501,2.12,23286,2026-02-02,0.0559416208384564,0.4878474352047035,False,370057.3287882852,387939.10666903236,0.8435660018027421,success,
23286,2026-02-03,27960.98215816801,303215.3385,131735.0049,436947.8692,567688.0501,2.1,23286,2026-02-03,0.056103790340045,0.4878474352047035,False,370057.3287882852,389325.39410499507,0.9047079714928482,success,
23286,2026-02-04,29230.78150316801,303215.3385,131735.0049,436947.8692,567688.0501,2.07,23286,2026-02-04,0.0562760436133768,0.4878474352047035,False,370057.3287882852,390817.4025361701,0.9699067295515247,success,
23286,2026-02-05,28494.29797994601,303215.3385,131735.0049,436947.8692,567688.0501,2.14,23286,2026-02-05,0.0563352421152951,0.4878474352047035,False,370057.3287882852,389753.8904569787,0.9205170966406356,success,
23286,2026-02-06,28849.840246497984,303215.3385,131735.0049,436947.8692,567688.0501,2.15,23286,2026-02-06,0.0563079608880904,0.4878474352047035,False,370057.3287882852,390110.8644609191,0.9372214769720021,success,
23286,2026-02-09,28570.4852625,303215.3385,131735.0049,436947.8692,567688.0501,2.14,23286,2026-02-09,0.0561919019049773,0.4878474352047035,False,370057.3287882852,389847.8389552984,0.9271544189609737,success,
23286,2026-02-10,28392.714129224016,303215.3385,131735.0049,436947.8692,567688.0501,2.12,23286,2026-02-10,0.0560646546811276,0.4878474352047035,False,370057.3287882852,389732.86231325124,0.9239974808688268,success,
23286,2026-02-11,29129.19765244601,303215.3385,131735.0049,436947.8692,567688.0501,2.1,23286,2026-02-11,0.0560823385445651,0.4878474352047035,False,370057.3287882852,390611.62148330925,0.96386555905719,success,
23286,2026-02-12,29332.365353890007,303215.3385,131735.0049,436947.8692,567688.0501,2.08,23286,2026-02-12,0.0559243822303279,0.4878474352047035,False,370057.3287882852,390915.86189574905,0.9805099559108305,success,
23286,2026-02-13,28595.88183066801,303215.3385,131735.0049,436947.8692,567688.0501,2.06,23286,2026-02-13,0.0559429025672169,0.4878474352047035,False,370057.3287882852,390179.99686732964,0.9465048172961061,success,
23286,2026-02-16,28113.356723275985,303215.3385,131735.0049,436947.8692,567688.0501,2.1,23286,2026-02-16,0.0559186063764755,0.4878474352047035,False,370057.3287882852,389507.09181395895,0.9160481571111537,success,
23286,2026-02-20,28214.940573997985,303215.3385,131735.0049,436947.8692,567688.0501,2.1,23286,2026-02-20,0.0558997786658846,0.4878474352047035,False,370057.3287882852,389620.44027337065,0.9215617679007878,success,
23286,2026-02-23,27986.37872633602,303215.3385,131735.0049,436947.8692,567688.0501,2.12,23286,2026-02-23,0.0558746863292953,0.4878474352047035,False,370057.3287882852,389298.4272596544,0.9071778601833366,success,
23286,2026-02-24,27732.417888556003,303215.3385,131735.0049,436947.8692,567688.0501,2.06,23286,2026-02-24,0.0558553221895376,0.4878474352047035,False,370057.3287882852,389234.1602580934,0.9045365530106777,success,
23286,2026-02-25,28189.546427780017,303215.3385,131735.0049,436947.8692,567688.0501,2.1,23286,2026-02-25,0.055829798717635,0.4878474352047035,False,370057.3287882852,389597.4368730248,0.921659360300438,success,
23286,2026-02-26,27097.518216056003,303215.3385,131735.0049,436947.8692,567688.0501,2.18,23286,2026-02-26,0.0557177344500366,0.4878474352047035,False,370057.3287882852,388109.9826270157,0.854859301048094,success,
23286,2026-02-27,26564.202394278,303215.3385,131735.0049,436947.8692,567688.0501,2.14,23286,2026-02-27,0.0555445005055948,0.4878474352047035,False,370057.3287882852,387671.7924178899,0.8371872839095988,success,
23286,2026-03-02,25802.32230288799,303215.3385,131735.0049,436947.8692,567688.0501,2.18,23286,2026-03-02,0.0556127510718891,0.4878474352047035,False,370057.3287882852,386667.6535544699,0.7895241751553163,success,
23286,2026-03-03,25548.36388705802,303215.3385,131735.0049,436947.8692,567688.0501,2.17,23286,2026-03-03,0.0545938478020959,0.4878474352047035,False,370057.3287882852,386501.96595912124,0.7964087535053754,success,
23286,2026-03-04,25040.442211497982,303215.3385,131735.0049,436947.8692,567688.0501,2.16,23286,2026-03-04,0.054417554196993,0.4878474352047035,False,370057.3287882852,385979.7208181879,0.7741416471024468,success,
23286,2026-03-05,25091.23534783401,303215.3385,131735.0049,436947.8692,567688.0501,2.15,23286,2026-03-05,0.0540989765307148,0.4878474352047035,False,370057.3287882852,386099.69740150456,0.7844452141893511,success,
23286,2026-03-06,25446.780036336026,303215.3385,131735.0049,436947.8692,567688.0501,2.05,23286,2026-03-06,0.0541069722131633,0.4878474352047035,False,370057.3287882852,386857.30901398434,0.8205592802218269,success,
23286,2026-03-09,25116.63191600201,303215.3385,131735.0049,436947.8692,567688.0501,2.0,23286,2026-03-09,0.0540981020496081,0.4878474352047035,False,370057.3287882852,386665.51695562113,0.8115272822335146,success,
23286,2026-03-10,25522.96731889001,303215.3385,131735.0049,436947.8692,567688.0501,2.01,23286,2026-03-10,0.0540056625449122,0.4878474352047035,False,370057.3287882852,387094.4487292048,0.8334455756935654,success,
23286,2026-03-11,26234.054273943995,303215.3385,131735.0049,436947.8692,567688.0501,2.08,23286,2026-03-11,0.0534726269162166,0.4878474352047035,False,370057.3287882852,387678.76514839905,0.8699616645892384,success,
23286,2026-03-12,26386.431261002013,303215.3385,131735.0049,436947.8692,567688.0501,2.05,23286,2026-03-12,0.0531969824815128,0.4878474352047035,False,370057.3287882852,387975.77728030237,0.8888656738004698,success,
23286,2026-03-13,26259.450842112008,303215.3385,131735.0049,436947.8692,567688.0501,2.02,23286,2026-03-13,0.0531148066925666,0.4878474352047035,False,370057.3287882852,387948.84947495855,0.8889341092591428,success,
23286,2026-03-16,27580.040901497985,303215.3385,131735.0049,436947.8692,567688.0501,2.1,23286,2026-03-16,0.0532331894669431,0.4878474352047035,False,370057.3287882852,389107.47492049757,0.9429766429012953,success,
23286,2026-03-17,27529.250187112008,303215.3385,131735.0049,436947.8692,567688.0501,2.05,23286,2026-03-17,0.053016604337986,0.4878474352047035,False,370057.3287882852,389245.9006411717,0.9535379255940777,success,
23286,2026-03-18,26538.805826109998,303215.3385,131735.0049,436947.8692,567688.0501,2.07,23286,2026-03-18,0.0528478462411092,0.4878474352047035,False,370057.3287882852,388097.74590636673,0.9006855986360306,success,
23286,2026-03-19,25065.83877966599,303215.3385,131735.0049,436947.8692,567688.0501,2.08,23286,2026-03-19,0.0520852721806668,0.4878474352047035,False,370057.3287882852,386484.56688845577,0.8339017667362578,success,
23286,2026-03-20,24532.52295788799,303215.3385,131735.0049,436947.8692,567688.0501,2.08,23286,2026-03-20,0.051891558414428,0.4878474352047035,False,370057.3287882852,385903.23137443943,0.8080062940568953,success,
23286,2026-03-23,23465.891314331988,303215.3385,131735.0049,436947.8692,567688.0501,2.07,23286,2026-03-23,0.0520024111321863,0.4878474352047035,False,370057.3287882852,384725.1740198385,0.7474905205210166,success,
23286,2026-03-24,23770.642866497987,303215.3385,131735.0049,436947.8692,567688.0501,2.08,23286,2026-03-24,0.052019695874656,0.4878474352047035,False,370057.3287882852,385033.7792772386,0.762655987264794,success,
23286,2026-03-25,23821.43600283401,303215.3385,131735.0049,436947.8692,567688.0501,2.1,23286,2026-03-25,0.0519189344448517,0.4878474352047035,False,370057.3287882852,385028.2859147839,0.7638613083002057,success,
23286,2026-03-26,23415.10059994601,303215.3385,131735.0049,436947.8692,567688.0501,2.17,23286,2026-03-26,0.0518715180769917,0.4878474352047035,False,370057.3287882852,384321.0350254569,0.7291148807219506,success,
23286,2026-03-27,23516.68445066801,303215.3385,131735.0049,436947.8692,567688.0501,2.15,23286,2026-03-27,0.0518963130646774,0.4878474352047035,False,370057.3287882852,384505.83556848683,0.7380298771327879,success,
23286,2026-03-30,23161.139762165996,303215.3385,131735.0049,436947.8692,567688.0501,2.1,23286,2026-03-30,0.051630343738097,0.4878474352047035,False,370057.3287882852,384303.7556825393,0.7316498645838839,success,
23286,2026-03-31,22170.69540116398,259707.602,121306.1984,382768.295,500346.1473,2.06,23286,2026-03-31,0.0515587134528736,0.4878474352047035,False,321216.6268906905,336031.79384981294,0.8745376168663713,success,
23286,2026-04-01,21815.153134612006,259707.602,121306.1984,382768.295,500346.1473,2.05,23286,2026-04-01,0.0514307492936679,0.4878474352047035,False,321216.6268906905,335676.8252160905,0.8561633332409536,success,
23286,2026-04-02,21358.024595387997,259707.602,121306.1984,382768.295,500346.1473,2.15,23286,2026-04-02,0.0429065678784425,0.4878474352047035,False,321216.6268906905,335337.4863178221,1.0026833428983657,success,
23286,2026-04-08,22018.320836056,259707.602,121306.1984,382768.295,500346.1473,2.12,23286,2026-04-08,0.0428434508109577,0.4878474352047035,False,321216.6268906905,336136.81755065173,1.0597308495413846,success,
23286,2026-04-09,21180.253462112007,259707.602,121306.1984,382768.295,500346.1473,2.18,23286,2026-04-09,0.042917833413372,0.4878474352047035,False,321216.6268906905,335053.22645555594,0.982660473377544,success,
23286,2026-04-10,21205.65003028002,259707.602,121306.1984,382768.295,500346.1473,2.2,23286,2026-04-10,0.0428509034651381,0.4878474352047035,False,321216.6268906905,335020.95230888884,0.9819472875596136,success,
23286,2026-04-13,21789.756566444,259707.602,121306.1984,382768.295,500346.1473,2.2,23286,2026-04-13,0.042875828429991,0.4878474352047035,False,321216.6268906905,335642.60458637227,1.024613937318334,success,
23286,2026-04-14,23313.51674922401,259707.602,121306.1984,382768.295,500346.1473,2.17,23286,2026-04-14,0.0418473037040249,0.4878474352047035,False,321216.6268906905,337380.61081670003,1.173216719072885,success,
23286,2026-04-15,23364.307463609992,259707.602,121306.1984,382768.295,500346.1473,2.23,23286,2026-04-15,0.0418453738033279,0.4878474352047035,False,321216.6268906905,337246.0019559297,1.1637342460071654,success,
23286,2026-04-16,23161.139762165996,259707.602,121306.1984,382768.295,500346.1473,2.26,23286,2026-04-16,0.0417604721966343,0.4878474352047035,False,321216.6268906905,336942.5316621155,1.144542636998632,success,
23286,2026-04-17,23237.327044719983,259707.602,121306.1984,382768.295,500346.1473,2.32,23286,2026-04-17,0.0416804577968989,0.4878474352047035,False,321216.6268906905,336837.19898462004,1.1392384206620247,success,
23286,2026-04-20,23516.68445066801,259707.602,121306.1984,382768.295,500346.1473,2.29,23286,2026-04-20,0.0416748093347241,0.4878474352047035,False,321216.6268906905,337222.79809324,1.166846086985706,success,
23286,2026-04-21,24126.187555,259707.602,121306.1984,382768.295,500346.1473,2.25,23286,2026-04-21,0.0417396058939953,0.4878474352047035,False,321216.6268906905,337980.4756830737,1.21880364766049,success,
23286,2026-04-22,23719.85215211201,259707.602,121306.1984,382768.295,500346.1473,2.25,23286,2026-04-22,0.0416635119908995,0.4878474352047035,False,321216.6268906905,337560.00391779473,1.1911511026482098,success,
23286,2026-04-23,22983.368628890006,259707.602,121306.1984,382768.295,500346.1473,2.25,23286,2026-04-23,0.0417026115713048,0.4878474352047035,False,321216.6268906905,336789.67575287167,1.1352498207252608,success,
23286,2026-04-24,23161.139762165996,259707.602,121306.1984,382768.295,500346.1473,2.25,23286,2026-04-24,0.0431420082282494,0.4878474352047035,False,321216.6268906905,336926.11597887595,1.10676165088232,success,
23286,2026-04-27,23008.765197058023,259707.602,121306.1984,382768.295,500346.1473,2.25,23286,2026-04-27,0.0431442237990523,0.4878474352047035,False,321216.6268906905,336765.6308716157,1.0956619738439148,success,
23286,2026-04-28,23084.95247961201,259707.602,121306.1984,382768.295,500346.1473,2.27,23286,2026-04-28,0.043065131902997,0.4878474352047035,False,321216.6268906905,336786.23976676166,1.0990952075321345,success,
23286,2026-04-29,24684.899944946013,259707.602,121306.1984,382768.295,500346.1473,2.34,23286,2026-04-29,0.043373851262257,0.4878474352047035,False,321216.6268906905,338231.9720535112,1.1900308776407604,success,
23286,2026-04-30,24456.33567533401,259707.602,121306.1984,382768.295,500346.1473,2.28,23286,2026-04-30,0.0433548598971274,0.4878474352047035,False,321216.6268906905,338181.8590771841,1.1871344958850996,success,
23286,2026-05-04,24583.316094224014,259707.602,121306.1984,382768.295,500346.1473,2.27,23286,2026-05-04,0.0433021326757952,0.4878474352047035,False,321216.6268906905,338347.1579505989,1.199865088675868,success,
23286,2026-05-05,24456.33567533401,259707.602,121306.1984,382768.295,500346.1473,2.29,23286,2026-05-05,0.0433011347678619,0.4878474352047035,False,321216.6268906905,338152.26902621915,1.1865866505236429,success,
23286,2026-05-06,25954.699289946013,259707.602,121306.1984,382768.295,500346.1473,2.46,23286,2026-05-06,0.0433847745414617,0.4878474352047035,False,321216.6268906905,339174.273591346,1.2538571792385313,success,
23286,2026-05-07,26284.847410280017,259707.602,121306.1984,382768.295,500346.1473,2.46,23286,2026-05-07,0.0433153700655843,0.4878474352047035,False,321216.6268906905,339516.9840178106,1.2791816525583835,success,
23286,2026-05-08,27808.605171109997,259707.602,121306.1984,382768.295,500346.1473,2.47,23286,2026-05-08,0.0436023810727398,0.4878474352047035,False,321216.6268906905,341046.5870098979,1.3738548131491561,success,
23286,2026-05-11,27910.18902183199,259707.602,121306.1984,382768.295,500346.1473,2.4,23286,2026-05-11,0.0434798562116664,0.4878474352047035,False,321216.6268906905,341372.0483950569,1.399663963646588,success,
23286,2026-05-12,27783.208602941977,259707.602,121306.1984,382768.295,500346.1473,2.42,23286,2026-05-12,0.0432517666590807,0.4878474352047035,False,321216.6268906905,341183.9063673745,1.3942991414287877,success,
23286,2026-05-13,27529.250187112008,259707.602,121306.1984,382768.295,500346.1473,2.56,23286,2026-05-13,0.043286248373935,0.4878474352047035,False,321216.6268906905,340485.3792680033,1.3458417442242947,success,
23286,2026-05-14,27427.666336390008,259707.602,121306.1984,382768.295,500346.1473,2.54,23286,2026-05-14,0.0426884342958823,0.4878474352047035,False,321216.6268906905,340455.68902034377,1.3626462857493982,success,
23286,2026-05-15,26513.409257941978,259707.602,121306.1984,382768.295,500346.1473,2.53,23286,2026-05-15,0.042730420694311,0.4878474352047035,False,321216.6268906905,339547.50075743016,1.29879613932879,success,
23286,2026-05-18,25218.215766724014,259707.602,121306.1984,382768.295,500346.1473,2.51,23286,2026-05-18,0.0429269837622053,0.4878474352047035,False,321216.6268906905,338267.92600032984,1.2048951911184356,success,
23286,2026-05-19,25142.026062219986,259707.602,121306.1984,382768.295,500346.1473,2.5,23286,2026-05-19,0.0430413325016541,0.4878474352047035,False,321216.6268906905,338217.0147423786,1.1981970877555312,success,
23286,2026-05-20,24862.671078222,259707.602,121306.1984,382768.295,500346.1473,2.57,23286,2026-05-20,0.0430232363059592,0.4878474352047035,False,321216.6268906905,337709.1479770342,1.1637727595638372,success,
23286,2026-05-21,23948.41642172401,259707.602,121306.1984,382768.295,500346.1473,2.56,23286,2026-05-21,0.043189856247349,0.4878474352047035,False,321216.6268906905,336782.48202508374,1.09566288220446,success,
23286,2026-05-22,23719.85215211201,259707.602,121306.1984,382768.295,500346.1473,2.56,23286,2026-05-22,0.0431870523552277,0.4878474352047035,False,321216.6268906905,336543.3915840545,1.0792897943113133,success,
23286,2026-05-26,23364.307463609992,259707.602,121306.1984,382768.295,500346.1473,2.53,23286,2026-05-26,0.0431824461687231,0.4878474352047035,False,321216.6268906905,336264.21213686647,1.0601866039311365,success,
23286,2026-05-27,22932.575492553984,259707.602,121306.1984,382768.295,500346.1473,2.53,23286,2026-05-27,0.0431981771733816,0.4878474352047035,False,321216.6268906905,335809.5229960917,1.0284776032537302,success,
23286,2026-05-28,22246.88510566801,259707.602,121306.1984,382768.295,500346.1473,2.56,23286,2026-05-28,0.0432745225811476,0.4878474352047035,False,321216.6268906905,334988.4524020791,0.9700930856682533,success,
23286,2026-05-29,22526.240089665996,259707.602,121306.1984,382768.295,500346.1473,2.57,23286,2026-05-29,0.0432663590178823,0.4878474352047035,False,321216.6268906905,335253.4053554245,0.9885494202187328,success,
23286,2026-06-01,23084.95247961201,259707.602,121306.1984,382768.295,500346.1473,2.57,23286,2026-06-01,0.0433189540808747,0.4878474352047035,False,321216.6268906905,335840.93515131273,1.0277693882426004,success,
23286,2026-06-02,22526.240089665996,259707.602,121306.1984,382768.295,500346.1473,2.58,23286,2026-06-02,0.0433564512789533,0.4878474352047035,False,321216.6268906905,335218.7352784378,0.984109930009486,success,
23286,2026-06-03,22704.01122294198,259707.602,121306.1984,382768.295,500346.1473,2.57,23286,2026-06-03,0.0433178885707964,0.4878474352047035,False,321216.6268906905,335439.2776035397,1.0001688693295958,success,
23286,2026-06-04,22297.675820053984,259707.602,121306.1984,382768.295,500346.1473,2.56,23286,2026-06-04,0.0433253846519687,0.4878474352047035,False,321216.6268906905,335040.23450712423,0.9725218208738483,success,
23286,2026-06-05,21967.527699719984,259707.602,121306.1984,382768.295,500346.1473,2.55,23286,2026-06-05,0.0433163588156342,0.4878474352047035,False,321216.6268906905,334721.3231725075,0.9507393968382145,success,
23286,2026-06-08,21408.81773172401,259707.602,121306.1984,382768.295,500346.1473,2.52,23286,2026-06-08,0.0433382473976689,0.4878474352047035,False,321216.6268906905,334218.26064180513,0.9155540720982939,success,
23286,2026-06-09,20977.08576066801,259707.602,121306.1984,382768.295,500346.1473,2.57,23286,2026-06-09,0.0433173890904868,0.4878474352047035,False,321216.6268906905,333601.1971554744,0.8733331860525598,success,
23286,2026-06-10,21205.65003028002,259707.602,121306.1984,382768.295,500346.1473,2.5,23286,2026-06-10,0.0433440786207036,0.4878474352047035,False,321216.6268906905,334062.87749070197,0.9047022527409208,success,
23286,2026-06-11,21104.06617955802,259707.602,121306.1984,382768.295,500346.1473,2.56,23286,2026-06-11,0.0433411579601996,0.4878474352047035,False,321216.6268906905,333767.4080272745,0.8843469670289535,success,
23286,2026-06-12,21332.628027219984,259707.602,121306.1984,382768.295,500346.1473,2.55,23286,2026-06-12,0.0433504760697218,0.4878474352047035,False,321216.6268906905,334042.8576938001,0.9031862875635895,success,
23286,2026-06-15,21002.48232883602,259707.602,121306.1984,382768.295,500346.1473,2.55,23286,2026-06-15,0.0433240271975914,0.4878474352047035,False,321216.6268906905,333690.3647146795,0.8793680565387919,success,
23286,2026-06-16,19910.454117112007,259707.602,121306.1984,382768.295,500346.1473,2.52,23286,2026-06-16,0.0434160522834672,0.4878474352047035,False,321216.6268906905,332599.71963438817,0.8020991390914245,success,
23286,2026-06-17,19656.49327933199,259707.602,121306.1984,382768.295,500346.1473,2.52,23286,2026-06-17,0.0433827587447797,0.4878474352047035,False,321216.6268906905,332325.04853638983,0.7836709130649928,success,
23286,2026-06-18,18335.90200897099,259707.602,121306.1984,382768.295,500346.1473,2.54,23286,2026-06-18,0.0434967954576422,0.4878474352047035,False,321216.6268906905,330802.97888643265,0.6760779098737192,success,
23286,2026-06-22,17701.00233647099,259707.602,121306.1984,382768.295,500346.1473,2.54,23286,2026-06-22,0.0435271510632995,0.4878474352047035,False,321216.6268906905,330091.98673437495,0.62617508805184,success,
23286,2026-06-23,17320.063501751007,259707.602,121306.1984,382768.295,500346.1473,2.57,23286,2026-06-23,0.0435460271094147,0.4878474352047035,False,321216.6268906905,329568.67415290506,0.5894683754823044,success,
23286,2026-06-24,16786.747679973007,259707.602,121306.1984,382768.295,500346.1473,2.66,23286,2026-06-24,0.0436415861756631,0.4878474352047035,False,321216.6268906905,328677.3379118537,0.5261217582431565,success,
23286,2026-06-25,16583.57997852901,259707.602,121306.1984,382768.295,500346.1473,2.6,23286,2026-06-25,0.0436113543793332,0.4878474352047035,False,321216.6268906905,328633.18481606414,0.5234059722722032,success,
23286,2026-06-26,16278.827215387992,259707.602,121306.1984,382768.295,500346.1473,2.63,23286,2026-06-26,0.0436341437673661,0.4878474352047035,False,321216.6268906905,328188.44104650826,0.49209658531882794,success,
23286,2026-06-29,17294.666933582997,259707.602,121306.1984,382768.295,500346.1473,2.63,23286,2026-06-29,0.0438019661399683,0.4878474352047035,False,321216.6268906905,329335.43966053776,0.569861614478548,success,
23286,2026-06-30,17167.68772566801,259707.602,121306.1984,382768.295,500346.1473,2.66,23286,2026-06-30,0.0437626235413316,0.4878474352047035,False,321216.6268906905,329101.5503202959,0.5541400198587914,success,
23286,2026-07-02,17548.62656038799,259707.602,121306.1984,382768.295,500346.1473,2.74,23286,2026-07-02,0.0437825203128684,0.4878474352047035,False,321216.6268906905,329283.02279377414,0.5664791973768564,success,
23286,2026-07-03,17878.774680722,259707.602,121306.1984,382768.295,500346.1473,2.7,23286,2026-07-03,0.0438200085908317,0.4878474352047035,False,321216.6268906905,329775.2441111944,0.6000819983404383,success,
23286,2026-07-06,18158.130875695,259707.602,121306.1984,382768.295,500346.1473,2.69,23286,2026-07-06,0.043839448942481,0.4878474352047035,False,321216.6268906905,330117.3599531757,0.6234677321499561,success,
23286,2026-07-07,17472.439277834008,259707.602,121306.1984,382768.295,500346.1473,2.82,23286,2026-07-07,0.0440103608150561,0.4878474352047035,False,321216.6268906905,328933.3328638096,0.5394036420562904,success,
23286,2026-07-08,17853.37932352901,259707.602,121306.1984,382768.295,500346.1473,2.81,23286,2026-07-08,0.044056366636721,0.4878474352047035,False,321216.6268906905,329389.9826873048,0.5703298471054701,success,
23286,2026-07-09,17066.10266397099,259707.602,121306.1984,382768.295,500346.1473,2.8,23286,2026-07-09,0.044126245317076,0.4878474352047035,False,321216.6268906905,328525.8349536705,0.509894604434246,success,
23286,2026-07-10,17243.875008222,259707.602,121306.1984,382768.295,500346.1473,2.75,23286,2026-07-10,0.0441613998524491,0.4878474352047035,False,321216.6268906905,328879.9228689618,0.5338816816078492,success,
23286,2026-07-13,17624.815053917002,259707.602,121306.1984,382768.295,500346.1473,2.75,23286,2026-07-13,0.0441592774193701,0.4878474352047035,False,321216.6268906905,329311.16929620766,0.5635817185816737,success,
23286,2026-07-14,17980.358531443995,259707.602,121306.1984,382768.295,500346.1473,2.78,23286,2026-07-14,0.044154769025139,0.4878474352047035,False,321216.6268906905,329618.4892929388,0.584764625429713,success,
23286,2026-07-15,18208.922801056004,259707.602,121306.1984,382768.295,500346.1473,2.86,23286,2026-07-15,0.0441597230611987,0.4878474352047035,False,321216.6268906905,329626.44593643845,0.5852456454616533,success,
23286,2026-07-16,18615.258203943995,259707.602,121306.1984,382768.295,500346.1473,2.8,23286,2026-07-16,0.0438752356446862,0.4878474352047035,False,321216.6268906905,330282.71704086947,0.6343728970507381,success,
23286,2026-07-17,18437.48707066801,259707.602,121306.1984,382768.295,500346.1473,2.83,23286,2026-07-17,0.0438506506441522,0.4878474352047035,False,321216.6268906905,329994.1442091748,0.6147950700515153,success,
23286,2026-07-20,18716.842054665995,259707.602,121306.1984,382768.295,500346.1473,2.84,23286,2026-07-20,0.0438815787235853,0.4878474352047035,False,321216.6268906905,330270.9791126877,0.6334712991043163,success,
23286,2026-07-21,18539.070921390008,259707.602,121306.1984,382768.295,500346.1473,2.83,23286,2026-07-21,0.0438713000686862,0.4878474352047035,False,321216.6268906905,330105.6043421746,0.6222033706495719,success,
23286,2026-07-22,18488.27899602901,259707.602,121306.1984,382768.295,500346.1473,2.8,23286,2026-07-22,0.0438398037380657,0.4878474352047035,False,321216.6268906905,330144.1177239131,0.6253115095449943,success,
23286,2026-07-23,18970.801681470988,259707.602,121306.1984,382768.295,500346.1473,2.84,23286,2026-07-23,0.0438778988045136,0.4878474352047035,False,321216.6268906905,330551.7326395415,0.6528897368664567,success,
23286,2026-07-24,17777.19083,259707.602,121306.1984,382768.295,500346.1473,2.8,23286,2026-07-24,0.0440349870311847,0.4878474352047035,False,321216.6268906905,329336.8158227389,0.5669409580815195,success,
23286,2026-07-27,18285.110083609998,259707.602,121306.1984,382768.295,500346.1473,2.75,23286,2026-07-27,0.0440591337884511,0.4878474352047035,False,321216.6268906905,330058.5962278195,0.6163184575331824,success,
23286,2026-07-28,18183.526232887994,259707.602,121306.1984,382768.295,500346.1473,2.81,23286,2026-07-28,0.0440188934312521,0.4878474352047035,False,321216.6268906905,329762.1709591877,0.596470126306749,success,
23286,2026-07-29,18615.258203943995,259707.602,121306.1984,382768.295,500346.1473,2.89,23286,2026-07-29,0.0440047643009647,0.4878474352047035,False,321216.6268906905,329995.9672852827,0.6127674768572997,success,
23286,2026-07-30,18259.714726417005,259707.602,121306.1984,382768.295,500346.1473,2.94,23286,2026-07-30,0.0440246867123644,0.4878474352047035,False,321216.6268906905,329444.7382509984,0.5745158491850754,success,
23286,2026-07-31,18107.338950334008,259707.602,121306.1984,382768.295,500346.1473,2.83,23286,2026-07-31,0.0440314248632398,0.4878474352047035,False,321216.6268906905,329614.32828281785,0.5861160127029635,success,
23286,2026-08-03,17802.587398168012,259707.602,121306.1984,382768.295,500346.1473,2.85,23286,2026-08-03,0.0440614889185262,0.4878474352047035,False,321216.6268906905,329208.8699339443,0.5577811213738892,success,
23286,2026-08-04,17650.210411109994,259707.602,121306.1984,382768.295,500346.1473,2.85,23286,2026-08-04,0.0440757119555731,0.4878474352047035,False,321216.6268906905,329036.4428493847,0.5457147815688506,success,
23286,2026-08-05,18412.0905025,259707.602,121306.1984,382768.295,500346.1473,2.9,23286,2026-08-05,0.0441291072821785,0.4878474352047035,False,321216.6268906905,329731.31045275705,0.5928596344943134,success,
23286,2026-08-06,18120.03723441801,259707.602,121306.1984,382768.295,500346.1473,2.9,23286,2026-08-06,0.043806645928451,0.4878474352047035,False,321216.6268906905,329427.01561811694,0.5761473590301728,success,
23286,2026-08-07,18640.654772112008,259707.602,121306.1984,382768.295,500346.1473,2.9,23286,2026-08-07,0.0438748227350746,0.4878474352047035,False,321216.6268906905,330001.3793879067,0.6149560746999425,success,
23286,2026-08-10,18742.238622834007,259707.602,121306.1984,382768.295,500346.1473,2.88,23286,2026-08-10,0.0438391784199403,0.4878474352047035,False,321216.6268906905,330177.90970492014,0.6276550986862501,success,
23286,2026-08-11,18602.559919859992,259707.602,121306.1984,382768.295,500346.1473,2.88,23286,2026-08-11,0.0438474913587619,0.4878474352047035,False,321216.6268906905,330022.7714506179,0.6168177469157121,success,
23286,2026-08-12,20392.976802553985,259707.602,121306.1984,382768.295,500346.1473,2.91,23286,2026-08-12,0.0443622358792895,0.4878474352047035,False,321216.6268906905,331863.0599488873,0.735009575142943,success,
23286,2026-08-13,19300.949801805,259707.602,121306.1984,382768.295,500346.1473,2.91,23286,2026-08-13,0.0445286802280906,0.4878474352047035,False,321216.6268906905,330659.59101027675,0.6506744515484288,success,
23286,2026-08-14,19237.45959235999,259707.602,121306.1984,382768.295,500346.1473,2.9,23286,2026-08-14,0.04453933038099,0.4878474352047035,False,321216.6268906905,330619.9030055803,0.6478238527360208,success,
23286,2026-08-17,19046.990175,259707.602,121306.1984,382768.295,500346.1473,2.87,23286,2026-08-17,0.0445424132702433,0.4878474352047035,False,321216.6268906905,330502.20237257954,0.6397852134438801,success,
23286,2026-08-18,19618.399638055,259707.602,121306.1984,382768.295,500346.1473,2.87,23286,2026-08-18,0.0445058939142738,0.4878474352047035,False,321216.6268906905,331133.73863182415,0.6832037210359726,success,
23286,2026-08-19,19402.533652526992,259707.602,121306.1984,382768.295,500346.1473,2.86,23286,2026-08-19,0.0444975890883921,0.4878474352047035,False,321216.6268906905,330928.0384438003,0.6693665924158159,success,
23286,2026-08-20,19885.057548944,259707.602,121306.1984,382768.295,500346.1473,2.9,23286,2026-08-20,0.0445271338201694,0.4878474352047035,False,321216.6268906905,331331.67668636696,0.6962984079058816,success,
23286,2026-08-21,20062.829893195005,259707.602,121306.1984,382768.295,500346.1473,2.9,23286,2026-08-21,0.0445135462571029,0.4878474352047035,False,321216.6268906905,331526.57775132416,0.7097218180276719,success,
23286,2026-08-24,19948.547758389,259707.602,121306.1984,382768.295,500346.1473,2.9,23286,2026-08-24,0.044509235553769,0.4878474352047035,False,321216.6268906905,331402.06955366425,0.7013511649448707,success,
23286,2026-08-25,20050.131609111,270471.218,116419.417,388902.347,513581.0275,2.87,23286,2026-08-25,0.0444949643190339,0.4878474352047035,False,329662.3350395705,339748.55290343426,0.6773101345685525,success,
23286,2026-08-26,20126.32010264001,270471.218,116419.417,388902.347,513581.0275,2.94,23286,2026-08-26,0.0444803990679651,0.4878474352047035,False,329662.3350395705,339610.69733701105,0.6684079038218069,success,
23286,2026-08-27,19364.44001125,270471.218,116419.417,388902.347,513581.0275,2.89,23286,2026-08-27,0.044529777371214,0.4878474352047035,False,329662.3350395705,338926.3636028168,0.6223692427249824,success,
23286,2026-08-28,19288.25151772099,270471.218,116419.417,388902.347,513581.0275,2.93,23286,2026-08-28,0.0286432230816426,0.4878474352047035,False,329662.3350395705,339358.6687057137,1.012060141304795,success,
23286,2026-08-31,15897.888380668011,270471.218,116419.417,388902.347,513581.0275,2.94,23286,2026-08-31,0.0305576955785755,0.4878474352047035,False,329662.3350395705,335754.34885660914,0.5992233439845129,success,
23286,2026-09-01,15453.458125528,270471.218,116419.417,388902.347,513581.0275,2.94,23286,2026-09-01,0.0303071102383438,0.4878474352047035,False,329662.3350395705,335292.43483024713,0.5587529540063167,success,
23286,2026-09-02,14856.652094304996,270471.218,116419.417,388902.347,513581.0275,2.96,23286,2026-09-02,0.0301705413024044,0.4878474352047035,False,329662.3350395705,334596.75003628863,0.4924396921290034,success,
23286,2026-09-03,15237.59214,270471.218,116419.417,388902.347,513581.0275,2.93,23286,2026-09-03,0.0301406616531967,0.4878474352047035,False,329662.3350395705,335101.432802674,0.5429332380142253,success,
23286,2026-09-04,15555.04197625,270471.218,116419.417,388902.347,513581.0275,2.88,23286,2026-09-04,0.0301583991668155,0.4878474352047035,False,329662.3350395705,335598.2398962461,0.59173653016202,success,
23286,2026-09-07,15097.914648001008,270471.218,116419.417,388902.347,513581.0275,2.98,23286,2026-09-07,0.0302582232340234,0.4878474352047035,False,329662.3350395705,334787.5066332387,0.5098487917165958,success,
23286,2026-09-08,15262.98870816801,270471.218,116419.417,388902.347,513581.0275,2.97,23286,2026-09-08,0.0302537198146126,0.4878474352047035,False,329662.3350395705,334996.0196488804,0.530504901687039,success,
23286,2026-09-09,14805.860168943997,270471.218,116419.417,388902.347,513581.0275,2.94,23286,2026-09-09,0.0302079477315961,0.4878474352047035,False,329662.3350395705,334604.1590347711,0.4925629183768359,success,
23286,2026-09-10,14805.860168943997,270471.218,116419.417,388902.347,513581.0275,2.92,23286,2026-09-10,0.0302148964052085,0.4878474352047035,False,329662.3350395705,334667.5712318861,0.49872125353402025,success,
23286,2026-09-11,14412.223050140008,270471.218,116419.417,388902.347,513581.0275,2.97,23286,2026-09-11,0.0302441506771971,0.4878474352047035,False,329662.3350395705,334082.4841210968,0.44038325369456705,success,
23286,2026-09-14,14221.752421804997,270471.218,116419.417,388902.347,513581.0275,2.98,23286,2026-09-14,0.0302574783274422,0.4878474352047035,False,329662.3350395705,333843.6307091268,0.416551843177666,success,
23286,2026-09-15,14056.678361637993,270471.218,116419.417,388902.347,513581.0275,3.03,23286,2026-09-15,0.0302354611923138,0.4878474352047035,False,329662.3350395705,333506.3276132448,0.3834218040062134,success,
23286,2026-09-16,15009.027870387992,270471.218,116419.417,388902.347,513581.0275,3.0,23286,2026-09-15,0.0302354611923138,0.4878474352047035,True,329662.3350395705,334629.6631002121,0.4946355372657251,success,
23286,2026-09-17,14361.43112477901,270471.218,116419.417,388902.347,513581.0275,3.08,23286,2026-09-15,0.0302354611923138,0.4878474352047035,True,329662.3350395705,333677.83974800014,0.4004262516216424,success,
23286,2026-09-18,14805.860168943997,270471.218,116419.417,388902.347,513581.0275,3.07,23286,2026-09-15,0.0302354611923138,0.4878474352047035,True,329662.3350395705,334188.80723326385,0.4510339973732665,success,
23286,2026-09-21,15402.666200167005,270471.218,116419.417,388902.347,513581.0275,3.1,23286,2026-09-15,0.0302354611923138,0.4878474352047035,True,329662.3350395705,334731.70035340387,0.5047190423128155,success,
23286,2026-09-22,15301.082349445003,270471.218,116419.417,388902.347,513581.0275,3.11,23286,2026-09-15,0.0302354611923138,0.4878474352047035,True,329662.3350395705,334591.59536706196,0.4908728277935544,success,
23286,2026-09-23,15402.666200167005,270471.218,116419.417,388902.347,513581.0275,3.28,23286,2026-09-15,0.0302354611923138,0.4878474352047035,True,329662.3350395705,334159.2239877659,0.4481060953284141,success,
23286,2026-09-24,15034.424438556003,270471.218,116419.417,388902.347,513581.0275,3.29,23286,2026-09-15,0.0302354611923138,0.4878474352047035,True,329662.3350395705,333734.3749610727,0.40602947945720147,success,
23286,2026-09-25,14882.048662473007,270471.218,116419.417,388902.347,513581.0275,3.32,23286,2026-09-15,0.0302354611923138,0.4878474352047035,True,329662.3350395705,333475.84866463806,0.38039907543040674,success,
23286,2026-09-28,15504.250050889,270471.218,116419.417,388902.347,513581.0275,3.3,23286,2026-09-15,0.0302354611923138,0.4878474352047035,True,329662.3350395705,334203.7609220166,0.4525138897155336,success,
23286,2026-09-29,17015.31073860999,270471.218,116419.417,388902.347,513581.0275,3.26,23286,2026-09-15,0.0302354611923138,0.4878474352047035,True,329662.3350395705,335923.11723774485,0.6222300517439343,success,
23286,2026-09-30,16507.391485,270471.218,116419.417,388902.347,513581.0275,3.16,23286,2026-09-15,0.0302354611923138,0.4878474352047035,True,329662.3350395705,335709.13875957404,0.6011558097912323,success,
23286,2026-10-02,15834.398171223009,270471.218,116419.417,388902.347,513581.0275,3.22,23286,2026-09-15,0.0302354611923138,0.4878474352047035,True,329662.3350395705,334808.374123514,0.5122940598431307,success,
